URL,title
https://www.cas.go.jp/index.html,内閣官房ホームページ
https://www.cas.go.jp/jp/sitemap/index.html,サイトマップ | 内閣官房ホームページ
https://www.cas.go.jp/jp/tyosakuken/index.html,当ホームページのコンテンツの利用について｜内閣官房ホームページ
https://www.cas.go.jp/jp/policy/index.html,プライバシーポリシー｜内閣官房ホームページ
https://www.cas.go.jp/,内閣官房ホームページ
https://www.cas.go.jp/topics.html,過去のトピックス | 内閣官房ホームページ
https://www.cas.go.jp/jp/saiyou/saiyou_info.html,説明会情報 | 内閣官房ホームページ
https://www.cas.go.jp/jp/saiyou/hijoukin_index.html,非常勤職員採用情報 | 内閣官房ホームページ
https://www.cas.go.jp/jp/seisaku/resilience/dai47/kondankai.html,ナショナル・レジリエンス(防災・減災)懇談会（第４７回）の開催について
https://www.cas.go.jp/jp/seisaku/shushoku_katsudou_yousei/index.html,就職・採用活動に関する要請｜内閣官房ホームページ
https://www.cas.go.jp/jp/gaiyou/jimu/kaizoku_report.html,内閣官房副長官補 海賊対処レポート｜内閣官房ホームページ
https://www.cas.go.jp/jp/houdou/190408sandbox.html,報道発表 | 内閣官房ホームページ
https://www.cas.go.jp/jp/kojinjyouhou/index.html,個人情報保護｜内閣官房ホームページ
https://www.cas.go.jp/jp/koukai/index.html,情報公開・公文書管理｜内閣官房ホームページ
https://www.cas.go.jp/jp/pubcom/index.html,パブリックコメント等｜内閣官房ホームページ
https://www.cas.go.jp/jp/siryou/index.html,その他情報 | 内閣官房ホームページ
https://www.cas.go.jp/jp/yosan/index.html,予算・決算｜内閣官房ホームページ
https://www.cas.go.jp/socialmedia/index.html,ソーシャルメディア | 内閣官房ホームページ
https://www.cas.go.jp/jp/seisaku/kokudo_kyoujinka/logo/index.html,国土強靱化　ロゴマークについて
https://www.cas.go.jp/jp/houan/index.html,国会提出法案｜内閣官房ホームページ
https://www.cas.go.jp/backnumber_2018.html,過去のトピックス 平成30年 | 内閣官房ホームページ
https://www.cas.go.jp/jp/gaiyou/jimu/jyouhoutyousa/index.html,内閣のインテリジェンス（内閣情報調査室） | 内閣官房ホームページ
https://www.cas.go.jp/jp/saiyou/ippan_index.html,一般職職員採用情報  | 内閣官房ホームページ
https://www.cas.go.jp/jp/seisaku/resilience/index.html,ナショナル・レジリエンス（防災・減災）懇談会
https://www.cas.go.jp/jp/gaiyou/jimu/fukutyoukanho.html,内閣官房副長官補｜内閣官房ホームページ
https://www.cas.go.jp/jp/kojinjyouhou/kaiji.html,個人情報保護 開示請求等の宛先一覧｜内閣官房ホームページ
https://www.cas.go.jp/jp/koukai/hyoujunbunsho/jinji.html,情報公開・公文書管理 開示請求の宛先一覧｜内閣官房ホームページ
https://www.cas.go.jp/jp/pubcom/pubcom_h29.html,パブリックコメント等｜内閣官房ホームページ
https://www.cas.go.jp/jp/siryou/archive_h28.html,その他情報 平成28年 ｜内閣官房ホームページ
https://www.cas.go.jp/jp/yosan/kanbouyosangaisan.html,$BM=;;!&7h;;(B
https://www.cas.go.jp/jp/seisaku/kokudo_kyoujinka/,国土強靱化
https://www.cas.go.jp/jp/seisaku/kokudo_kyoujinka/facebook.html,内閣官房国土強靱化推進室Facebook
https://www.cas.go.jp/jp/houan/169.html,国会提出法案（第169回　通常国会）
https://www.cas.go.jp/jp/gaiyou/jimu/jyouhoutyousa/csics.html,内閣衛星情報センター | 内閣官房ホームページ
https://www.cas.go.jp/jp/gaiyou/jimu/csice.html,内閣衛星情報センター | 内閣官房ホームページ
https://www.cas.go.jp/jp/seisaku/resilience/dai1/1sidai.html,ナショナル・レジリエンス（防災・減災）懇談会（第１回）議事次第
https://www.cas.go.jp/jp/seisaku/resilience/dai2/2sidai.html,ナショナル・レジリエンス（防災・減災）懇談会（第２回）議事次第
https://www.cas.go.jp/jp/gaiyou/jimu/housei_seibi.html,平和安全法制等の整備について
https://www.cas.go.jp/jp/gaiyou/jimu/anzenhosyou.html,国家安全保障局｜内閣官房ホームページ
https://www.cas.go.jp/jp/gaiyou/kanbu/2012/kanehara.html,内閣官房副長官補　兼原　信克（かねはら　のぶかつ）｜内閣官房ホームページ
https://www.cas.go.jp/jp/gaiyou/kanbu/2013/furuya.html,内閣官房副長官補　古谷　一之（ふるや　かずゆき）｜内閣官房ホームページ
https://www.cas.go.jp/jp/siryou/kogatamujinki/,小型無人機等の飛行禁止区域について
https://www.cas.go.jp/jp/siryou/kogatamujinki/h28_0523.html,小型無人機等の飛行禁止区域について
https://www.cas.go.jp/jp/seisaku/resilience/dai3/3sidai.html,ナショナル・レジリエンス（防災・減災）懇談会（第３回）議事次第
https://www.cas.go.jp/jp/seisaku/resilience/dai4/4sidai.html,ナショナル・レジリエンス（防災・減災）懇談会（第４回）議事次第
https://www.cas.go.jp/jp/seisaku/resilience/dai5/5sidai.html,ナショナル・レジリエンス（防災・減災）懇談会（第５回）議事次第
https://www.cas.go.jp/jp/seisaku/resilience/dai6/6sidai.html,ナショナル・レジリエンス（防災・減災）懇談会（第６回）
https://www.cas.go.jp/jp/seisaku/resilience/dai7/7sidai.html,ナショナル・レジリエンス（防災・減災）懇談会（第7回）
https://www.cas.go.jp/jp/seisaku/resilience/dai8/8sidai.html,ナショナル・レジリエンス（防災・減災）懇談会（第８回）
https://www.cas.go.jp/jp/seisaku/resilience/dai9/9sidai.html,ナショナル・レジリエンス（防災・減災）懇談会（第９回）
https://www.cas.go.jp/jp/seisaku/resilience/dai10/sidai.html,ナショナル・レジリエンス（防災・減災）懇談会（第１０回）
https://www.cas.go.jp/jp/seisaku/resilience/dai11/sidai.html,ナショナル・レジリエンス（防災・減災）懇談会（第１１回）
http://www.cas.go.jp/jp/gaiyou/kanbu/2018/maeda.html,内閣官房副長官補　前田　哲（まえだ　さとし）｜内閣官房ホームページ
https://www.cas.go.jp/jp/seisaku/resilience/dai12/sidai.html,ナショナル・レジリエンス（防災・減災）懇談会（第１２回）
https://www.cas.go.jp/jp/seisaku/resilience/dai13/sidai.html,ナショナル・レジリエンス（防災・減災）懇談会（第１３回）
https://www.cas.go.jp/jp/seisaku/resilience/dai14/sidai.html,ナショナル・レジリエンス（防災・減災）懇談会（第１４回）
https://www.cas.go.jp/jp/seisaku/resilience/dai15/sidai.html,ナショナル・レジリエンス（防災・減災）懇談会（第１５回）
https://www.cas.go.jp/jp/seisaku/resilience/dai16/sidai.html,ナショナル・レジリエンス（防災・減災）懇談会（第１６回）
https://www.cas.go.jp/jp/seisaku/resilience/dai17/sidai.html,ナショナル・レジリエンス（防災・減災）懇談会（第１７回）
https://www.cas.go.jp/jp/seisaku/resilience/dai18/sidai.html,ナショナル・レジリエンス（防災・減災）懇談会（第１８回）
https://www.cas.go.jp/jp/seisaku/resilience/dai19/sidai.html,ナショナル・レジリエンス（防災・減災）懇談会（第１９回）
https://www.cas.go.jp/jp/seisaku/resilience/dai20/sidai.html,ナショナル・レジリエンス（防災・減災）懇談会（第２０回）
https://www.cas.go.jp/jp/seisaku/resilience/dai21/sidai.html,ナショナル・レジリエンス（防災・減災）懇談会（第２１回）
https://www.cas.go.jp/jp/seisaku/resilience/dai22/sidai.html,ナショナル・レジリエンス（防災・減災）懇談会（第２２回）
https://www.cas.go.jp/jp/seisaku/resilience/dai23/sidai.html,ナショナル・レジリエンス（防災・減災）懇談会（第２３回）
https://www.cas.go.jp/jp/seisaku/resilience/dai24/sidai.html,ナショナル・レジリエンス（防災・減災）懇談会（第２４回）
https://www.cas.go.jp/jp/seisaku/resilience/dai25/sidai.html,ナショナル・レジリエンス（防災・減災）懇談会（第２５回）
https://www.cas.go.jp/jp/seisaku/resilience/dai26/sidai.html,ナショナル・レジリエンス（防災・減災）懇談会（第２６回）
https://www.cas.go.jp/jp/seisaku/resilience/dai27/sidai.html,ナショナル・レジリエンス（防災・減災）懇談会（第２７回）
https://www.cas.go.jp/jp/seisaku/resilience/dai28/sidai.html,ナショナル・レジリエンス（防災・減災）懇談会（第２８回）
https://www.cas.go.jp/jp/seisaku/resilience/dai29/sidai.html,ナショナル・レジリエンス（防災・減災）懇談会（第２９回）
https://www.cas.go.jp/jp/seisaku/resilience/dai30/sidai.html,ナショナル・レジリエンス（防災・減災）懇談会（第３０回）
https://www.cas.go.jp/jp/seisaku/resilience/dai31/sidai.html,ナショナル・レジリエンス（防災・減災）懇談会（第３１回）
https://www.cas.go.jp/jp/seisaku/resilience/dai32/sidai.html,ナショナル・レジリエンス（防災・減災）懇談会（第３２回）
https://www.cas.go.jp/jp/seisaku/resilience/dai33/sidai.html,ナショナル・レジリエンス（防災・減災）懇談会（第３３回）
https://www.cas.go.jp/jp/seisaku/resilience/dai34/sidai.html,ナショナル・レジリエンス（防災・減災）懇談会（第３４回）
https://www.cas.go.jp/jp/seisaku/resilience/dai35/sidai.html,ナショナル・レジリエンス（防災・減災）懇談会（第３５回）
https://www.cas.go.jp/jp/seisaku/resilience/dai36/sidai.html,ナショナル・レジリエンス（防災・減災）懇談会（第３６回）
https://www.cas.go.jp/jp/seisaku/resilience/dai37/sidai.html,ナショナル・レジリエンス（防災・減災）懇談会（第３７回）
https://www.cas.go.jp/jp/seisaku/resilience/dai38/sidai.html,ナショナル・レジリエンス（防災・減災）懇談会（第３８回）
https://www.cas.go.jp/jp/seisaku/resilience/dai39/sidai.html,ナショナル・レジリエンス（防災・減災）懇談会（第３９回）
https://www.cas.go.jp/jp/seisaku/resilience/dai40/sidai.html,ナショナル・レジリエンス（防災・減災）懇談会（第４０回）
https://www.cas.go.jp/jp/seisaku/resilience/dai41/sidai.html,ナショナル・レジリエンス（防災・減災）懇談会（第４０回）
https://www.cas.go.jp/jp/seisaku/resilience/dai42/sidai.html,ナショナル・レジリエンス（防災・減災）懇談会（第４２回）
https://www.cas.go.jp/jp/seisaku/resilience/dai43/sidai.html,ナショナル・レジリエンス（防災・減災）懇談会（第４３回）
https://www.cas.go.jp/jp/seisaku/resilience/dai44/sidai.html,ナショナル・レジリエンス（防災・減災）懇談会（第４４回）
https://www.cas.go.jp/jp/seisaku/resilience/dai45/sidai.html,ナショナル・レジリエンス（防災・減災）懇談会（第４５回）
https://www.cas.go.jp/jp/seisaku/resilience/dai46/sidai.html,ナショナル・レジリエンス（防災・減災）懇談会（第４６回）
https://www.cas.go.jp/jp/seisaku/resilience/dai47/sidai.html,ナショナル・レジリエンス（防災・減災）懇談会（第４７回）
https://www.cas.go.jp/jp/gaiyou/jimu/jyouhoutyousa/torikumi.html,国際テロに対する取組 | 内閣官房ホームページ
https://www.cas.go.jp/jp/gaiyou/jimu/jyouhoutyousa/yakuwari.html,内閣情報調査室の役割 | 内閣官房ホームページ
https://www.cas.go.jp/jp/gaiyou/jimu/jyouhoutyousa/taisei.html,内閣のインテリジェンス体制 | 内閣官房ホームページ
https://www.cas.go.jp/jp/seisaku/shoyushafumei/index.html,所有者不明土地等対策の推進のための関係閣僚会議｜内閣官房ホームページ
https://www.cas.go.jp/jp/houdou/180129csice.html,報道発表 | 内閣官房ホームページ
https://www.cas.go.jp/jp/houdou/20180209eikyo_chosa.html,報道発表 | 内閣官房ホームページ
https://www.cas.go.jp/jp/houdou/180220drone.html,報道発表 | 内閣官房ホームページ
https://www.cas.go.jp/jp/seisaku/resilience/dai39/kondankai.html,ナショナル・レジリエンス(防災・減災)懇談会（第３８回）の開催について
https://www.cas.go.jp/jp/seisaku/resilience/dai40/kondankai.html,ナショナル・レジリエンス(防災・減災)懇談会（第４０回）の開催について
https://www.cas.go.jp/jp/seisaku/ful/300312symposium.html,公開シンポジウム「新興感染症と向き合う最新の研究と市民の対策」の開催について
https://www.cas.go.jp/jp/houdou/180413csice.html,報道発表 | 内閣官房ホームページ
https://www.cas.go.jp/jp/gaiyou/jimu/jinjikyoku/internship.html,内閣人事局｜女子学生霞が関インターンシップの実施について
https://www.cas.go.jp/jp/seisaku/resilience/dai42/kondankai.html,ナショナル・レジリエンス(防災・減災)懇談会（第４２回）の開催について
https://www.cas.go.jp/jp/seisaku/ful/h29_bcp.html,新型インフルエンザ等に関する業務継続計画調査 
https://www.cas.go.jp/jp/seisaku/infection/event/amrform2018.html,国際感染症対策調整室 第2回薬剤耐性(AMR)対策普及啓発活動表彰の取組事例の募集について 
https://www.cas.go.jp/jp/seisaku/kanmin_fund/dai10/gijisidai.html,官民ファンドの活用推進に関する関係閣僚会議幹事会（第１０回）
https://www.cas.go.jp/jp/gaiyou/jimu/jinjikyoku/goudo_setumeikai.html,経験者採用試験の合同業務説明会を開催します！
https://www.cas.go.jp/jp/houdou/180710csice.html,報道発表 | 内閣官房ホームページ
https://www.cas.go.jp/jp/houdou/180711csice.html,報道発表 | 内閣官房ホームページ
https://www.cas.go.jp/jp/seisaku/resilience/dai43/kondankai.html,ナショナル・レジリエンス(防災・減災)懇談会（第４３回）の開催について
https://www.cas.go.jp/jp/houdou/180715csice.html,報道発表 | 内閣官房ホームページ
https://www.cas.go.jp/jp/houdou/180912csice.html,報道発表 | 内閣官房ホームページ
https://www.cas.go.jp/jp/houdou/181005-2amr.html,報道発表 | 内閣官房ホームページ
https://www.cas.go.jp/jp/houdou/181005-1amr.html,報道発表 | 内閣官房ホームページ
https://www.cas.go.jp/jp/seisaku/resilience/dai44/kondankai.html,ナショナル・レジリエンス(防災・減災)懇談会（第４４回）の開催について
https://www.cas.go.jp/jp/houdou/181030amr.html,報道発表 | 内閣官房ホームページ
https://www.cas.go.jp/jp/seisaku/infection/activities/amr/h30_taisakusuisin.html,国際感染症対策調整室
https://www.cas.go.jp/jp/seisaku/infection/activities/amr/181105hyosyo.html,国際感染症対策調整室
https://www.cas.go.jp/jp/influenza/h30.html,平成３０年度新型インフルエンザ等対策訓練について
https://www.cas.go.jp/jp/seisaku/ful/kunren.html,新型インフルエンザ等対策訓練
https://www.cas.go.jp/jp/seisaku/resilience/dai45/kondankai.html,ナショナル・レジリエンス(防災・減災)懇談会（第４５回）の開催について
https://www.cas.go.jp/jp/seisaku/kanmin_fund/dai11/gijisidai.html,官民ファンドの活用推進に関する関係閣僚会議幹事会（第１１回）
https://www.cas.go.jp/jp/seisaku/2025_hakurankai_kaigi/dai1/gijisidai.html,2025年に開催する国際博覧会関係閣僚会議 議事次第｜内閣官房ホームページ
https://www.cas.go.jp/jp/seisaku/genshiryoku_kakuryo_kaigi/dai9/gijisidai.html,原子力関係閣僚会議（第９回） 議事次第
https://www.cas.go.jp/jp/houdou/181226sandbox.html,報道発表 | 内閣官房ホームページ
https://www.cas.go.jp/jp/houan/170.html,国会提出法案（第170回　臨時国会）
https://www.cas.go.jp/jp/houan/171.html,国会提出法案（第171回　通常国会）
https://www.cas.go.jp/jp/houan/173.html,国会提出法案（第173回　臨時国会）
https://www.cas.go.jp/jp/houan/174.html,国会提出法案（第174回　通常国会）
https://www.cas.go.jp/jp/houan/176.html,国会提出法案（第176回　臨時国会）
https://www.cas.go.jp/jp/houan/177.html,国会提出法案（第177回　通常国会）
https://www.cas.go.jp/jp/houan/180.html,国会提出法案（第180回　通常国会）
https://www.cas.go.jp/jp/houan/183.html,国会提出法案（第183回　通常国会）
https://www.cas.go.jp/jp/houan/185.html,国会提出法案（第185回 通常国会）
https://www.cas.go.jp/jp/houan/186.html,国会提出法案（第186回 通常国会）
https://www.cas.go.jp/jp/houan/187.html,国会提出法案（第187回 臨時国会）
https://www.cas.go.jp/jp/houan/189.html,国会提出法案（第189回 通常国会）
https://www.cas.go.jp/jp/houan/190.html,国会提出法案（第190回 通常国会）
https://www.cas.go.jp/jp/houan/192.html,国会提出法案（第192回 臨時国会）
https://www.cas.go.jp/jp/houan/193.html,第１９３回　通常国会｜内閣官房ホームページ
https://www.cas.go.jp/jp/houan/195.html,第１９５回　特別国会｜内閣官房ホームページ
https://www.cas.go.jp/jp/houan/196.html,第１９６回　通常国会｜内閣官房ホームページ
https://www.cas.go.jp/jp/houan/197.html,第１９７回　通常国会｜内閣官房ホームページ
https://www.cas.go.jp/jp/houan/198.html,第１９８回　通常国会｜内閣官房ホームページ
https://www.cas.go.jp/jp/seisaku/kokudo_kyoujinka/twitter.html,内閣官房国土強靱化推進室Twitter
https://www.cas.go.jp/jp/seisaku/infection/youtube.html,国際感染症対策調整室 | 国際感染症対策調整室YouTubeについて
https://www.cas.go.jp/jp/seisaku/infection/twitter.html,国際感染症対策調整室 | 国際感染症対策調整室Twitterについて
https://www.cas.go.jp/socialmedia/twitter.html,内閣官房Twitterアカウント（@naikakukanbo）について | 内閣官房ホームページ
https://www.cas.go.jp/jp/yosan/kanbougaisan23.html,平成23年度歳出概算要求書
https://www.cas.go.jp/jp/yosan/h23_3_checksheet.html,平成23年度第3次補正予算チェックシート
https://www.cas.go.jp/jp/yosan/kanbou_sandanpyou.html,平成24年度歳出概算要求書
https://www.cas.go.jp/jp/yosan/kanbou_sandanpyou_h25.html,平成25年度歳出概算要求書
https://www.cas.go.jp/jp/yosan/gaisan_youkyuu_h26.html,平成26年度歳出概算要求書
https://www.cas.go.jp/jp/yosan/gaisan_youkyuu_h27.html,平成27年度歳出概算要求書
https://www.cas.go.jp/jp/yosan/gaisan_youkyuu_h28.html,平成28年度歳出概算要求書
https://www.cas.go.jp/jp/yosan/gaisan_youkyuu_h29.html,平成29年度歳出概算要求書
https://www.cas.go.jp/jp/yosan/gaisan_youkyuu_h30.html,平成30年度歳出概算要求書
https://www.cas.go.jp/jp/yosan/gaisan_youkyuu_h31.html,平成31年度歳出概算要求書
https://www.cas.go.jp/jp/siryou/archive_h27.html,その他情報 平成27年 | 内閣官房ホームページ
https://www.cas.go.jp/jp/siryou/archive_h26.html,資料集
https://www.cas.go.jp/jp/siryou/archive_h25.html,資料集
https://www.cas.go.jp/jp/siryou/archive_h24.html,資料集
https://www.cas.go.jp/jp/siryou/archive_h23.html,資料集
https://www.cas.go.jp/jp/siryou/archive_h22.html,資料集
https://www.cas.go.jp/jp/siryou/archive_h21.html,資料集
https://www.cas.go.jp/jp/siryou/archive_h20.html,資料集
https://www.cas.go.jp/jp/siryou/archive_h19.html,資料集
https://www.cas.go.jp/jp/siryou/archive_h18.html,資料集
https://www.cas.go.jp/jp/siryou/archive_h17.html,資料集
https://www.cas.go.jp/jp/siryou/archive_h13-15.html,資料集
https://www.cas.go.jp/jp/siryou/2016online.html,行政手続等のオンライン化状況について（平成２９年１月）
https://www.cas.go.jp/jp/siryou/soudan.html,その他情報 内閣官房に対する公益通報等に係る相談体制（国民からの相談） ｜内閣官房ホームページ
https://www.cas.go.jp/jp/siryou/2017online.html,その他情報 内閣官房に対する公益通報等に係る相談体制（国民からの相談） ｜内閣官房ホームページ
https://www.cas.go.jp/jp/siryou/sekuhara_madoguchi.html,職員によるセクシュアル・ハラスメント事案の外部通報窓口について ｜内閣官房ホームページ
https://www.cas.go.jp/jp/siryou/anzenhoshouhyouka.html,「国家安全保障戦略」の現時点での評価について
https://www.cas.go.jp/jp/siryou/shokuinsyukusya/index.html,「独立行政法人の職員宿舎の見直しに関する実施計画」の実施状況について
https://www.cas.go.jp/jp/siryou/140829doppo_2/index.html,独立行政法人の不要資産の国庫納付の状況について
https://www.cas.go.jp/jp/siryou/131217anzenhoshou.html,国家安全保障戦略について
https://www.cas.go.jp/jp/siryou/120321online.html,行政手続等のオンライン化状況について（平成２４年３月）
https://www.cas.go.jp/jp/siryou/nijusaimu.html,資料集
https://www.cas.go.jp/jp/siryou/100827online.html,行政手続等のオンライン化状況について（平成２２年８月）
https://www.cas.go.jp/jp/siryou/pt.html,内閣官房事務改善プロジェクトチームの取組
https://www.cas.go.jp/jp/siryou/080331houkoku.html,年次報告
https://www.cas.go.jp/jp/siryou/070330houkoku.html,年次報告
https://www.cas.go.jp/jp/siryou/060519jimujigyou.html,「事務・事業の在り方に関する意見」のフォローアップ結果
https://www.cas.go.jp/jp/siryou/050209saiyou.html,平成１７年度大学等卒業予定者等の採用について
https://www.cas.go.jp/jp/siryou/zesei.html,早期退職慣行の是正について
https://www.cas.go.jp/jp/siryou/031219dokuhoutaite.html,独立行政法人、特殊法人及び認可法人の役員の退職金について
https://www.cas.go.jp/jp/siryou/soudanform.html,公益通報等に係る御相談｜内閣官房ホームページ
https://www.cas.go.jp/jp/siryou/17seika.html,１７年度予算（案）における成果目標【内閣官房】
https://www.cas.go.jp/jp/siryou/050401keikaku.html,内閣官房特定事業主行動計画
https://www.cas.go.jp/jp/siryou/1gijiyousi.html,第１回  内閣官房行政効率化推進会議・第１回  内閣府行政効率化推進会議　　議事要旨
https://www.cas.go.jp/jp/siryou/050519jimujigyou.html,「事務・事業の在り方に関する意見」のフォローアップ結果
https://www.cas.go.jp/jp/siryou/050630minaosi.html,内閣官房行政効率化推進計画の見直しについて（平成17年6月）
https://www.cas.go.jp/jp/siryou/gas.html,内閣官房がその事務及び事業に関し温室効果ガスの排出の抑制等のため実行すべき措置について定める計画
https://www.cas.go.jp/jp/siryou/2gijiyousi.html,第２回内閣官房及び内閣府行政効率化推進会議　議事要旨
https://www.cas.go.jp/jp/siryou/060809onrain.html,行政手続等のオンライン化状況について（平成18年8月）
https://www.cas.go.jp/jp/siryou/070803onrain.html,行政手続等のオンライン化状況について（平成１９年８月）
https://www.cas.go.jp/jp/siryou/080811onrain.html,行政手続等のオンライン化状況について（平成２０年８月）
https://www.cas.go.jp/jp/siryou/090807online.html,行政手続等のオンライン化状況について（平成２１年８月）
https://www.cas.go.jp/jp/siryou/h23yosan_kumikae.html,資料集
https://www.cas.go.jp/jp/siryou/2012online.html,行政手続等のオンライン化状況について（平成２４年３月）
https://www.cas.go.jp/jp/siryou/2013online.html,行政手続等のオンライン化状況について（平成２５年１２月）
https://www.cas.go.jp/jp/siryou/140829doppo_1/index.html,「独立行政法人の事務・事業の見直しの基本方針」及び「独立行政法人整理合理化計画」の措置状況について
https://www.cas.go.jp/jp/siryou/2014online.html,行政手続等のオンライン化状況について（平成２６年１２月）
https://www.cas.go.jp/jp/siryou/2015online.html,行政手続等のオンライン化状況について（平成２６年１２月）
https://www.cas.go.jp/jp/siryou/h31boueikeikaku.html,平成31年度以降に係る防衛計画の大綱について
https://www.cas.go.jp/jp/pubcom/pubcom_h28.html,パブリックコメント等 平成28年度｜内閣官房ホームページ
https://www.cas.go.jp/jp/pubcom/pubcom_h27.html,パブリックコメント等 平成27年度｜内閣官房ホームページ
https://www.cas.go.jp/jp/pubcom/pubcom_h26.html,パブリックコメント等
https://www.cas.go.jp/jp/pubcom/pubcom_h25.html,パブリックコメント等
https://www.cas.go.jp/jp/pubcom/pubcom_h24.html,パブリックコメント等
https://www.cas.go.jp/jp/pubcom/pubcom_h23.html,パブリックコメント等
https://www.cas.go.jp/jp/pubcom/pubcom_h22.html,パブリックコメント等
https://www.cas.go.jp/jp/pubcom/pubcom_h21.html,パブリックコメント等
https://www.cas.go.jp/jp/pubcom/pubcom_h20.html,パブリックコメント等
https://www.cas.go.jp/jp/pubcom/pubcom_h19.html,パブリックコメント等
https://www.cas.go.jp/jp/koukai/hyoujunbunsho/nisc.html,情報公開・公文書管理 開示請求の宛先一覧｜内閣官房ホームページ
https://www.cas.go.jp/jp/koukai/hyoujunbunsho/johochosa.html,情報公開・公文書管理 開示請求の宛先一覧｜内閣官房ホームページ
https://www.cas.go.jp/jp/koukai/hyoujunbunsho/kouhoushitsu.html,情報公開・公文書管理 開示請求の宛先一覧｜内閣官房ホームページ
https://www.cas.go.jp/jp/koukai/hyoujunbunsho/jitai.html,情報公開・公文書管理 開示請求の宛先一覧｜内閣官房ホームページ
https://www.cas.go.jp/jp/koukai/hyoujunbunsho/naisei_gaisei.html,情報公開・公文書管理 開示請求の宛先一覧｜内閣官房ホームページ
https://www.cas.go.jp/jp/koukai/hyoujunbunsho/anzenhosho.html,情報公開・公文書管理 開示請求の宛先一覧｜内閣官房ホームページ
https://www.cas.go.jp/jp/koukai/hyoujunbunsho/soumukan.html,情報公開・公文書管理 開示請求の宛先一覧｜内閣官房ホームページ
https://www.cas.go.jp/jp/koukai/kiroku.html,情報公開・公文書管理 行政文書ファイル等の廃棄の記録｜内閣官房ホームページ
https://www.cas.go.jp/jp/koukai/seisakujikou.html,情報公開・公文書管理 内閣官房における歴史的に重要な政策事項｜内閣官房ホームページ
https://www.cas.go.jp/jp/tokuteihimitsu/ikenboshu.html,特定秘密保護法関連
https://www.cas.go.jp/jp/seisaku/jinsin/pubcom.html,"「人身取引対策行動計画2014（仮称）」（案）に対する意見の募集
（パブリックコメント）について"
https://www.cas.go.jp/jp/seisaku/saihanbousi/index.html,再犯防止対策ワーキングチーム
https://www.cas.go.jp/jp/genpatsujiko/info/news_110930.html,原子力事故再発防止顧問会議 - 内閣官房
https://www.cas.go.jp/jp/pubcom/100625boshu.html,"「地理空間情報の活用における個人情報の取扱いに関するガイドライン素案」及び「地理空間情報の二次利用促進に関するガイドライン素案」に対する
意見の募集（パブリックコメント）について

"
https://www.cas.go.jp/jp/pubcom/091111boshu.html,"「地上デジタル放送への移行完了のためのアクションプラン2009」（案）
に対する意見の募集（パブリックコメント）について
"
https://www.cas.go.jp/jp/influenza/pubcom.html,「新型インフルエンザ対策行動計画」（改定案）及び「新型インフルエンザ対策ガイドライン」（案）に対する意見の募集（パブリックコメント）について
https://www.cas.go.jp/jp/seisaku/jinsin/pub0911.html,「新たな人身取引対策行動計画（仮称）」（案）に対する意見の募集（パブリックコメント）について
https://www.cas.go.jp/jp/seisaku/youseikaikaku/100205/kekka.html,郵政改革に関する意見募集の結果について
https://www.cas.go.jp/jp/seisaku/youseikaikaku/091221bosyuu/bosyuu.html,郵政改革
https://www.cas.go.jp/jp/pubcom/101112boshu.html,「地上デジタル放送への移行完了のためのアクションプラン2010」（案）に対する意見の募集（パブリックコメント）について
https://www.cas.go.jp/jp/pubcom/110614boshu_kekka.html,"我が国における「国連持続可能な開発のための教育の１０年」実施計画の改訂案に対する意見募集の結果について

"
https://www.cas.go.jp/jp/genpatsujiko/info/public_comment.html,原子力災害対策特別措置法施行令の一部改正（案）に対する意見募集についてて - 内閣官房
https://www.cas.go.jp/jp/koukai/yosiki/tesuryo.html,情報公開・公文書管理 開示実施手数料一覧｜内閣官房ホームページ
https://www.cas.go.jp/jp/koukai/yosiki/kaiji.html,情報公開・公文書管理 開示請求の宛先一覧｜内閣官房ホームページ
https://www.cas.go.jp/jp/seisaku/shushoku_katsudou/index.html,就職・採用活動日程に関する関係省庁連絡会議｜内閣官房ホームページ
https://www.cas.go.jp/jp/seisaku/shushoku_katsudou_yousei/kakonoyousei/index.html,就職・採用活動に関する過去の要請｜内閣官房ホームページ
https://www.cas.go.jp/jp/seisaku/shushoku_katsudou_yousei/2020nendosotu/index.html,2020年度卒業・修了予定者等の就職・採用活動に関する要請｜内閣官房ホームページ
https://www.cas.go.jp/jp/link/index.html,リンク
https://www.cas.go.jp/jp/kaigi/index.html,記者会見
https://www.cas.go.jp/jp/saiyou/kikan_index.html,期間業務職員採用情報 | 内閣官房ホームページ
https://www.cas.go.jp/jp/saiyou/ninki_index.html,任期付職員採用情報  | 内閣官房ホームページ
https://www.cas.go.jp/jp/saiyou/shogai_index.html,障害者採用情報  | 内閣官房ホームページ
https://www.cas.go.jp/jp/gaiyou/jimu/kouhou.html,内閣広報室｜内閣官房ホームページ
https://www.cas.go.jp/jp/ryodo/index.html,内閣官房 領土・主権対策企画調整室
https://www.cas.go.jp/jp/gaiyou/jimu/nisc.html,内閣サイバーセキュリティセンター｜内閣官房ホームページ
https://www.cas.go.jp/jp/saiyou/saiyou_message.html,職員よりメッセージ | 内閣官房ホームページ
https://www.cas.go.jp/jp/saiyou/saiyou_panf.html,採用パンフレット | 内閣官房ホームページ
https://www.cas.go.jp/jp/saiyou/saiyou_houmon.html,官庁訪問情報 | 内閣官房ホームページ
https://www.cas.go.jp/jp/saiyou/saiyou_index.html,内閣情報調査室国家公務員一般職試験（大卒程度試験）採用情報 | 内閣官房ホームページ
https://www.cas.go.jp/jp/seisaku/shushoku_katsudou/dai2/gijisidai.html,議事次第｜内閣官房ホームページ
https://www.cas.go.jp/jp/seisaku/shushoku_katsudou/dai1/gijisidai.html,議事次第｜内閣官房ホームページ
https://www.cas.go.jp/backnumber_h29.html,トピックス 平成29年 | 内閣官房ホームページ
https://www.cas.go.jp/backnumber_h28.html,平成２８年のトピックス掲載案件 | 内閣官房ホームページ
https://www.cas.go.jp/backnumber_h27.html,平成２７年のトピックス掲載案件 | 内閣官房ホームページ
http://www.cas.go.jp/jp/gaiyou/jimu/nisc.html,内閣サイバーセキュリティセンター｜内閣官房ホームページ
https://www.cas.go.jp/jp/gaiyou/jimu/jinjikyoku/,内閣人事局
https://www.cas.go.jp/jp/gaiyou/jimu/jyouhoutyousa.html,内閣情報調査室｜内閣官房ホームページ
https://www.cao.go.jp/bangouseido/,マイナンバー（社会保障・税番号制度） - 内閣府
https://www.cas.go.jp/jp/ryodo_eg/index.html,"Office of Policy Planning and Coordination on Territory and Sovereignty, Cabinet Secretariat"
https://www.cas.go.jp/jp/ryodo/law/law.html,海洋における法の支配の確立に向けて｜内閣官房 領土・主権対策企画調整室
https://www.cas.go.jp/jp/ryodo/torikumi/torikumi.html,政府の取組について｜内閣官房 領土・主権対策企画調整室
https://www.cas.go.jp/jp/ryodo/torikumi/ryodoshitsu/ryodoshitsu-itv.html,山本一太領土担当大臣（当時）インタビュー - 領土対策室 - 政府の取組について｜内閣官房 領土・主権対策企画調整室
https://www.cas.go.jp/jp/ryodo_eg/torikumi/ryodoshitsu/ryodoshitsu-adp.html,"有識者懇談会関連 - The Territory Office, Cabinet Secretariat - Government initiatives｜Office of Policy Planning and Coordination on Territory and Sovereignty"
https://www.cas.go.jp/jp/ryodo/report/takeshima.html,竹島に関する資料の委託調査報告書 - 委託調査報告書｜内閣官房 領土・主権対策企画調整室
https://www.cao.go.jp/chotatsu/index.html,調達情報 - 内閣府
https://www.cas.go.jp/jp/houdou/170201amr.html,「薬剤耐性（ＡＭＲ）対策推進国民啓発会議」の開催について
https://www.cas.go.jp/jp/seisaku/resilience/dai24/kondankai.html,ナショナル・レジリエンス(防災・減災)懇談会（第２４回）の開催について
https://www.cas.go.jp/jp/seisaku/jidou/,児童虐待防止対策に関する副大臣等会議
https://www.cas.go.jp/jp/seisaku/kyouginoba/h26/dai3/gijisidai.html,国と地方の協議の場
https://www.cas.go.jp/jp/seisaku/saisei_energy2/dai3/gijisidai.html,"再生可能エネルギー等関係府省庁連絡会議（第３回） 議事次第
"
https://www.cas.go.jp/jp/yosan/,予算・決算｜内閣官房ホームページ
https://www.cas.go.jp/jp/seisaku/hoso_kaikaku/dai14/index.html,第１４回　法曹養成制度改革顧問会議
https://www.cas.go.jp/jp/seisaku/resilience/dai17/17kaisai.html,ナショナル・レジリエンス(防災・減災)懇談会（第１７回）の開催について
https://www.cas.go.jp/jp/seisaku/kurashinoshitsu/dai1/,「暮らしの質」向上検討会 議事次第
https://www.cas.go.jp/jp/seisaku/kyoujinka/dai9/sidai.html,国土強靱化の推進に関する関係府省庁連絡会議（第９回）議事次第
https://www.cas.go.jp/jp/seisaku/resilience/dai18/18kaisai.html,ナショナル・レジリエンス(防災・減災)懇談会（第１８回）の開催について
https://www.cas.go.jp/jp/seisaku/chotatu/,調達改善の取組
https://www.cas.go.jp/jp/seisaku/kurashinoshitsu/bunka/dai1/index.html,「暮らしの質」向上検討会 議事次第
https://www.cas.go.jp/jp/seisaku/ninchisho_taisaku/,認知症施策推進関係閣僚会合
https://www.cas.go.jp/jp/seisaku/tokyo2020/,2020年オリンピック・パラリンピック東京大会推進室
https://www.cas.go.jp/jp/seisaku/kurashinoshitsu/bunka/dai2/dai1/index.html,「暮らしの質」向上検討会 議事次第
https://www.cas.go.jp/jp/seisaku/kurashinoshitsu/bunkakai1/dai2/index.html,「暮らしの質」向上検討会 議事次第
https://www.cas.go.jp/jp/seisaku/kurashinoshitsu/bunkakai3/dai1/index.html,「暮らしの質」向上検討会 議事次第
https://www.cas.go.jp/jp/seisaku/jinsin/index.html,人身取引対策に関する関係省庁連絡会議
https://www.cas.go.jp/info/hyoujun150210.html,トピックス
https://www.cas.go.jp/jp/seisaku/kurashinoshitsu/bunkakai3/dai2/index.html,「暮らしの質」向上検討会 議事次第
https://www.cas.go.jp/jp/seisaku/kurashinoshitsu/bunkakai2/dai2/index.html,「暮らしの質」向上検討会 議事次第
https://www.cas.go.jp/jp/seisaku/kurashinoshitsu/bunkakai1/dai3/index.html,「暮らしの質」向上検討会 議事次第
https://www.cas.go.jp/jp/seisaku/kurashinoshitsu/bunkakai3/dai3/index.html,「暮らしの質」向上検討会 議事次第
https://www.cas.go.jp/jp/seisaku/kurashinoshitsu/bunkakai1/dai4/index.html,「暮らしの質」向上検討会 議事次第
https://www.cas.go.jp/jp/seisaku/kurashinoshitsu/bunkakai2/dai3/index.html,「暮らしの質」向上検討会 議事次第
https://www.cas.go.jp/jp/seisaku/kurashinoshitsu/bunkakai3/dai4/index.html,「暮らしの質」向上検討会 議事次第
https://www.cas.go.jp/jp/genpatsujiko/sannen_kentou/sannen_kentou.html,３年以内の見直し検討チーム - 内閣官房
https://www.cas.go.jp/jp/seisaku/hoso_kaikaku/dai16/index.html,第１６回　法曹養成制度改革顧問会議
https://www.cas.go.jp/jp/seisaku/resilience/dai19/kaisai.html,ナショナル・レジリエンス(防災・減災)懇談会（第１９回）の開催について
https://www.cas.go.jp/jp/seisaku/kurashinoshitsu/bunkakai1/dai5/index.html,「暮らしの質」向上検討会 議事次第
https://www.cas.go.jp/info/kaizoku20150318.html,トピックス（PDF）
https://www.cas.go.jp/jp/houdou/150318vanuatu.html,"バヌアツ共和国　サイクロン被災状況推定地図について
"
https://www.cas.go.jp/jp/seisaku/kurashinoshitsu/dai3/,「暮らしの質」向上検討会 議事次第
https://www.cas.go.jp/jp/seisaku/kurashinoshitsu/bunkakai3/dai5/index.html,「暮らしの質」向上検討会 議事次第
https://www.cas.go.jp/jp/gaiyou/jimu/jinjikyoku/w_lifebalance/index.html,女性職員活躍・ワークライフバランス推進協議会／幹事会
https://www.cas.go.jp/info/kijituseirei150403.html,トピックス（PDF）
https://www.cas.go.jp/jp/seisaku/hoso_kaikaku/dai17/index.html,第１７回　法曹養成制度改革顧問会議
https://www.cas.go.jp/jp/seisaku/hoso_kaikaku/dai18/index.html,第１８回　法曹養成制度改革顧問会議
https://www.cas.go.jp/jp/seisaku/kurashinoshitsu/index.html,「暮らしの質」向上検討会
https://www.cas.go.jp/jp/seisaku/kurashinoshitsu/bunkakai1/dai6/index.html,「暮らしの質」向上検討会 議事次第
https://www.cas.go.jp/jp/seisaku/kurashinoshitsu/bunkakai3/dai6/,「暮らしの質」向上検討会 議事次第
https://www.cas.go.jp/jp/seisaku/kurashinoshitsu/dai4/index.html,「暮らしの質」向上検討会 議事次第
https://www.cas.go.jp/jp/houdou/150428senyouki.html,新たな政府専用機の外装デザインについて（決定）
https://www.cas.go.jp/jp/seisaku/summerstyle/renraku/gijisidai.html,"「ゆう活」に関する次官級連絡会議
"
https://www.cas.go.jp/jp/seisaku/resilience/,ナショナル・レジリエンス（防災・減災）懇談会
https://www.cas.go.jp/jp/gaiyou/jimu/jinjikyoku/keiken_godo_setumeikai.html,経験者採用試験の合同業務説明会を開催します！
https://www.cas.go.jp/jp/seisaku/hoso_kaikaku/dai19/index.html,第１９回　法曹養成制度改革顧問会議
https://www.cas.go.jp/jp/seisaku/kurashinoshitsu/bunkakai1/rinji/index.html,「暮らしの質」向上検討会 議事次第
https://www.cas.go.jp/jp/seisaku/kurashinoshitsu/dai5/,「暮らしの質」向上検討会 議事次第
https://www.cas.go.jp/jp/seisaku/nenkin_kentou/,年金保険料の徴収体制強化等のための検討チーム
https://www.cas.go.jp/jp/seisaku/summerstyle/suisin/20150605gijisidai.html,「ゆう活」に関する次官級連絡会議
https://www.cas.go.jp/jp/seisaku/hoso_kaikaku/dai20/index.html,第２０回　法曹養成制度改革顧問会議
https://www.cas.go.jp/jp/seisaku/nenkin_kentou/index.html,年金保険料の徴収体制強化等のための検討チーム
https://www.cas.go.jp/jp/seisaku/hoso_kaikaku/dai21/index.html,第２１回　法曹養成制度改革顧問会議
https://www.cas.go.jp/jp/gaiyou/jimu/jinjikyoku/jinji_c3-1.html,内閣人事局｜国家公務員制度｜早期退職募集制度について
https://www.cas.go.jp/jp/seisaku/iseshima_junbikaigi/index.html,伊勢志摩サミット準備会議
https://www.cas.go.jp/jp/seisaku/kagayakujosei/dai2/gijisidai.html,すべての女性が輝く社会づくり本部 議事次第
https://www.cas.go.jp/jp/gaiyou/jimu/jinjikyoku/jinji_b.html,内閣人事局｜国家公務員制度｜任用
https://www.cas.go.jp/jp/ryodo/torikumi/ryodoshitsu/ryodoshitsu-kgd-2015-kokuchi.html,子ども霞が関見学デー - 領土対策室 - 政府の取組について｜内閣官房 領土・主権対策企画調整室
https://www.cas.go.jp/jp/seisaku/21c_koso/,２０世紀を振り返り２１世紀の世界秩序と日本の役割を構想するための有識者懇談会（２１世紀構想懇談会）
https://www.cas.go.jp/jp/seisaku/hoso_kaikaku/dai22/index.html,第２２回　法曹養成制度改革顧問会議
https://www.cas.go.jp/jp/seisaku/nenkin_kentou/dai3/gijisidai.html,年金保険料の徴収体制強化等のための検討チーム
https://www.cas.go.jp/jp/seisaku/gyoukaku/H27_review/H27_Open_Process002/H27_Open_Process002.html,H27公開プロセス　特設ページ
https://www.cas.go.jp/jp/seisaku/hoso_kaikaku/dai23/index.html,第２３回　法曹養成制度改革顧問会議
https://www.cas.go.jp/jp/seisaku/kanmin_fund/dai4/gijisidai.html,官民ファンドの活用推進に関する関係閣僚会議幹事会（第４回）
https://www.cas.go.jp/jp/gaiyou/jimu/jinjikyoku/jinji_g.html,内閣人事局｜国家公務員制度｜研修
https://www.cao.go.jp/cool_japan/,知的財産戦略推進事務局　クールジャパン戦略 - 内閣府
https://www.cas.go.jp/jp/seisaku/resilience/dai22/kondankai.html,ナショナル・レジリエンス(防災・減災)懇談会（第２２回）の開催について
https://www.cas.go.jp/jp/seisaku/gyoukaku/H27_review/H27_Review_Sheet001/H27_Review_Sheet001.html,行政事業レビューシート
https://www.cas.go.jp/jp/houdou/150911saigai.html,平成27年台風第18号による大雨等に係る被災地域の加工処理画像等について
https://www.cas.go.jp/jp/seisaku/kikouhendou/dai1/gijisidai.html,気候変動の影響への適応に関する関係府省庁連絡会議（第１回）議事次第
https://www.cas.go.jp/jp/houdou/150915saigai.html,平成27年台風第18号による大雨等に係る被災地域の加工処理画像等について（更新）
https://www.cas.go.jp/jp/seisaku/kurashinoshitsu/hyosho/,「暮らしの質」向上検討会 議事次第
https://www.cas.go.jp/jp/seisaku/syurui/dai4/sidai.html,第４回　日本産酒類の輸出促進連絡会議　議事次第
https://www.cas.go.jp/jp/genpatsujiko/hearing_koukai_8/hearing_koukai_8.html,政府事故調査委員会ヒアリング記録の公表について - 内閣官房
https://www.cas.go.jp/jp/seisaku/kagayakujosei/dai3/gijisidai.html,すべての女性が輝く社会づくり本部 議事次第
https://www.cas.go.jp/jp/seisaku/genshiryoku_kakuryo_kaigi/dai3/gijisidai.html,原子力関係閣僚会議（第３回）議事次第
https://www.cas.go.jp/jp/seisaku/kyouginoba/h27/dai2/gijisidai.html,国と地方の協議の場
https://www.cas.go.jp/jp/seisaku/kikouhendou/dai2/gijisidai.html,気候変動の影響への適応に関する関係府省庁連絡会議（第２回）議事次第
https://www.cas.go.jp/jp/seisaku/summerstyle/suisin/20151030gijisidai.html,「ゆう活」に関する次官級連絡会議
https://www.cas.go.jp/jp/seisaku/gaikokujin/,外国人労働者問題関係省庁連絡会議
https://www.cas.go.jp/jp/seisaku/kanmin_fund/dai5/gijisidai.html,官民ファンドの活用推進に関する関係閣僚会議幹事会（第５回）
https://www.cas.go.jp/jp/seisaku/kyuyo/,給与関係閣僚会議
https://www.cas.go.jp/jp/seisaku/resilience/dai23/kondankai.html,ナショナル・レジリエンス(防災・減災)懇談会（第２３回）の開催について
https://www.cas.go.jp/jp/seisaku/kodomo_ansin/dai2/gijisidai.html,すべての子どもの安心と希望の実現に向けた副大臣等会議（第１回）議事次第
https://www.cas.go.jp/jp/gaiyou/jimu/jinjikyoku/kanri_h271222.html,管理職への任用状況等に関する公表について（平成26年度）
https://www.cas.go.jp/jp/seisaku/kokusaihoumu_sien/dai4/gijisidai.html,国際法務に係る日本企業支援等に関する関係省庁等連絡会議
https://www.cas.go.jp/jp/gaiyou/jimu/jinjikyoku/jinji_f1.html,内閣人事局｜国家公務員制度｜人事交流の状況
https://www.cas.go.jp/jp/seisaku/kodomo_ansin/,すべての子どもの安心と希望の実現に向けた副大臣等会議
https://www.cas.go.jp/jp/seisaku/syurui/dai5/sidai.html,第５回　日本産酒類の輸出促進連絡会議　議事次第
https://www.cas.go.jp/jp/seisaku/saisei_energy/dai3/gijisidai.html,再生可能エネルギー等関係閣僚会議（第３回）議事次第
https://www.cas.go.jp/jp/seisaku/resilience/dai25/kondankai.html,ナショナル・レジリエンス(防災・減災)懇談会（第２５回）の開催について
https://www.cas.go.jp/jp/seisaku/resilience/dai26/kondankai.html,ナショナル・レジリエンス(防災・減災)懇談会（第２６回）の開催について
https://www.cas.go.jp/jp/houdou/160425zikahyougo.html,ジカウイルス感染症を予防するための「夏の蚊対策」に関する標語の募集について
https://www.cas.go.jp/jp/seisaku/resilience/dai27/kondankai.html,ナショナル・レジリエンス(防災・減災)懇談会（第２７回）の開催について
https://www.cas.go.jp/jp/houdou/160523zikahyougo.html,ジカウイルス感染症を予防するための「夏の蚊対策」に関する標語の募集について
https://www.cas.go.jp/jp/seisaku/resilience/dai28/kondankai.html,ナショナル・レジリエンス(防災・減災)懇談会（第２８回）の開催について
https://www.cas.go.jp/jp/houdou/161004amr.html,「薬剤耐性（AMR）対策推進国民啓発会議」の開催及び薬剤耐性（AMR）対策推進月間（11月）の設定について
https://www.cas.go.jp/jp/houdou/161018amr.html,「薬剤耐性（ＡＭＲ）対策推進国民啓発会議」の開催について
https://www.cas.go.jp/jp/houdou/161025unmiss.html,南スーダン国際平和協力業務実施計画の変更等について
https://www.cas.go.jp/jp/seisaku/resilience/dai29/kondankai.html,ナショナル・レジリエンス(防災・減災)懇談会（第２９回）の開催について
https://www.cas.go.jp/jp/houdou/161115unmiss.html,南スーダン国際平和協力業務実施計画の変更等について
https://www.cas.go.jp/jp/houdou/161129amr.html,「薬剤耐性へらそう！」応援大使の委嘱式について
https://www.cas.go.jp/jp/gaiyou/jimu/jinjikyoku/satei_03.html,内閣人事局｜国の行政組織｜機構・定員等審査結果
https://www.cas.go.jp/jp/seisaku/resilience/dai30/kondankai.html,ナショナル・レジリエンス(防災・減災)懇談会（第３０回）の開催について
https://www.cas.go.jp/jp/houdou/161228amr.html,「薬剤耐性（ＡＭＲ）対策推進国民啓発会議」の開催について
https://www.cas.go.jp/jp/seisaku/ful/290310symposium.html,公開シンポジウム「新興感染症と向き合う最新の研究と市民の対策」の開催について
https://www.cas.go.jp/jp/gaiyou/jimu/jinjikyoku/recruit/index.html,国家公務員 Career Guide
https://www.cas.go.jp/jp/houdou/170303amr.html,薬剤耐性（AMR）対策に係る普及啓発イベントの開催について 
https://www.cas.go.jp/jp/houdou/170310unmiss.html,国際連合南スーダン共和国ミッション（UNMISS）における自衛隊施設部隊の活動終了について
https://www.cas.go.jp/jp/seisaku/resilience/dai31/kondankai.html,ナショナル・レジリエンス(防災・減災)懇談会（第３１回）の開催について
https://www.cas.go.jp/jp/seisaku/sokuitiri/index.html,地理空間情報活用推進会議
https://www.cas.go.jp/jp/seisaku/ful/dai55/dai55.html,新型インフルエンザ等に関する関係省庁対策会議
https://www.cas.go.jp/jp/seisaku/saisei_energy/kaigi_dai1/gijisidai.html,再生可能エネルギー・水素等関係閣僚会議（第１回）議事次第
https://www.cas.go.jp/jp/seisaku/ful/h28_shiteikikan.html,新型インフルエンザ等対策に関する調査
https://www.cas.go.jp/jp/gaiyou/jimu/jinjikyoku/kyodo_setumeikai.html,総合職一次試験合格者を対象とした省庁共同説明会を開催します！
https://www.cas.go.jp/jp/houdou/170607-2amr.html,薬剤耐性（AMR）対策に係る普及啓発イベントの開催について
https://www.cas.go.jp/jp/houdou/170607-1amr.html,「第１回薬剤耐性（ＡＭＲ）対策普及啓発活動表彰」における優良事例の表彰決定及び表彰式の実施について 
https://www.cas.go.jp/jp/seisaku/kanmin_fund/dai8/gijisidai.html,官民ファンドの活用推進に関する関係閣僚会議幹事会（第８回）
https://www.cas.go.jp/jp/houdou/170710saigai.html,福岡県・大分県等の大雨に係る被災地域の加工処理画像等について
https://www.cas.go.jp/jp/seisaku/saisyu_syobun_kaigi/dai6/gijisidai.html,最終処分関係閣僚会議（第６回）議事次第
https://www.cas.go.jp/jp/influenza/about_h7n9.html,鳥インフルエンザＡ（H7N9）｜内閣官房新型インフルエンザ等対策室
https://www.cas.go.jp/jp/seisaku/ful/keikaku.html,新型インフルエンザ等対策政府行動計画等
https://www.cas.go.jp/jp/seisaku/ful/dai57/dai57.html,新型インフルエンザ等に関する関係省庁対策会議
https://www.cas.go.jp/jp/houdou/171005amr.html,報道発表 | 内閣官房ホームページ
https://www.cas.go.jp/jp/seisaku/ful/kunren/h29.html,平成２９年度新型インフルエンザ等対策訓練について
https://www.cas.go.jp/jp/seisaku/resilience/dai37/kondankai.html,ナショナル・レジリエンス(防災・減災)懇談会（第３７回）の開催について
https://www.cas.go.jp/jp/gaiyou/jimu/jinjikyoku/h28_career.html,内閣人事局｜採用・キャリア形成支援活動
https://www.cas.go.jp/jp/seisaku/kanmin_fund/dai9/gijisidai.html,官民ファンドの活用推進に関する関係閣僚会議幹事会（第９回）
https://www.cas.go.jp/jp/seisaku/saisei_energy/kaigi_dai2/gijisidai.html,再生可能エネルギー・水素等関係閣僚会議（第２回）議事次第
https://www.cas.go.jp/jp/seisaku/resilience/dai38/kondankai.html,ナショナル・レジリエンス(防災・減災)懇談会（第３８回）の開催について
https://www.cas.go.jp/jp/seisaku/bunkakeizaisenryaku/index.html,文化経済戦略特別チーム｜内閣官房ホームページ
https://www.cas.go.jp/jp/ryodo/report/senkaku.html,尖閣諸島に関する資料の委託調査報告書 - 委託調査報告書｜内閣官房 領土・主権対策企画調整室
https://www.cas.go.jp/jp/ryodo/torikumi/ryodoshitsu/ryodoshitsu-adp.html,有識者懇談会関連 - 領土対策室 - 政府の取組について｜内閣官房 領土・主権対策企画調整室
https://www.cas.go.jp/jp/ryodo/torikumi/ryodoshitsu/ryodoshitsu-ini.html,総合調整会議 - 領土対策室 - 政府の取組について｜内閣官房 領土・主権対策企画調整室
https://www.cas.go.jp/jp/ryodo/torikumi/ryodoshitsu/ryodoshitsu-tgh.html,対外発信 - 領土対策室 - 政府の取組について｜内閣官房 領土・主権対策企画調整室
https://www.cas.go.jp/jp/ryodo/links/links.html,リンク先｜内閣官房 領土・主権対策企画調整室
https://www.cas.go.jp/jp/ryodo/torikumi/ryodoshitsu/ryodoshitsu-tkh-14.html,亀岡内閣府大臣政務官（当時）による島根県等主催第９回「竹島の日」記念式典への出席について - 領土対策室 - 政府の取組について｜内閣官房 領土・主権対策企画調整室
http://www.cas.go.jp/jp/ryodo_eg/index.html,"Office of Policy Planning and Coordination on Territory and Sovereignty, Cabinet Secretariat"
https://www.cas.go.jp/jp/ryodo/torikumi/giaj.html,国土地理院 - 政府の取組について｜内閣官房 領土・主権対策企画調整室
https://www.cas.go.jp/jp/ryodo/torikumi/ryodoshitsu/ryodoshitsu-kgd-2014.html,子ども霞が関見学デー - 領土対策室 - 政府の取組について｜内閣官房 領土・主権対策企画調整室
https://www.cas.go.jp/jp/ryodo/torikumi/ryodoshitsu/ryodoshitsu-djm.html,山本一太領土担当大臣（当時）メッセージ - 領土対策室 - 政府の取組について｜内閣官房 領土・主権対策企画調整室
https://www.cas.go.jp/jp/ryodo/torikumi/ryodoshitsu/ryodoshitsu-tkh-15.html,松本内閣府大臣政務官（当時）による島根県等主催第10回「竹島の日」記念式典への出席について - 領土対策室 - 政府の取組について｜内閣官房 領土・主権対策企画調整室
https://www.cas.go.jp/jp/ryodo/law/symposium.html,日本国際問題研究所（JIIA）主催のシンポジウムにおける山谷領土担当大臣（当時）挨拶 - 海洋における法の支配の確立に向けて｜内閣官房 領土・主権対策企画調整室
https://www.cas.go.jp/jp/ryodo_kr/ryodo/takeshima.html,다케시마｜내각관방 영토/주권대책기획조정실
https://www.cas.go.jp/jp/ryodo_cn/senkaku/senkaku.html,尖阁诸岛｜内阁官房领土・主权对策企划调整室
https://www.cas.go.jp/jp/ryodo/torikumi/ryodoshitsu/ryodoshitsu-adp-03.html,有識者懇談会関連 - 領土対策室 - 政府の取組について｜内閣官房 領土・主権対策企画調整室
https://www.cas.go.jp/jp/ryodo/torikumi/ryodoshitsu/ryodoshitsu-kgd-2015.html,子ども霞が関見学デー - 領土対策室 - 政府の取組について｜内閣官房 領土・主権対策企画調整室
https://www.cas.go.jp/jp/ryodo/torikumi/ryodoshitsu/ryodoshitsu-kondan.html,高校生との懇談 - 領土対策室 - 政府の取組について｜内閣官房 領土・主権対策企画調整室
https://www.cas.go.jp/jp/ryodo/torikumi/ryodoshitsu/ryodoshitsu-adp-02.html,有識者懇談会関連 - 領土対策室 - 政府の取組について｜内閣官房 領土・主権対策企画調整室
https://www.cas.go.jp/jp/ryodo/torikumi/ryodoshitsu/ryodoshitsu-tkh-16.html,酒井内閣府大臣政務官による島根県等主催第11回「竹島の日」記念式典への出席について - 領土対策室 - 政府の取組について｜内閣官房 領土・主権対策企画調整室
https://www.cas.go.jp/jp/ryodo/kids/index.html,内閣官房 領土・主権対策企画調整室 for KIDS - しまねっこ・ぱいーぐる ペーパークラフトダウンロード
https://www.cas.go.jp/jp/ryodo/torikumi/ryodoshitsu/ryodoshitsu-poster.html,「竹島ポスター展」の開催 - 領土対策室 - 政府の取組について｜内閣官房 領土・主権対策企画調整室
https://www.cas.go.jp/jp/ryodo_eg/shiryo/senkaku/index.html,Senkaku Islands Archives Portal
https://www.cas.go.jp/jp/ryodo_eg/shiryo/takeshima/index.html,Takeshima Archives Portal
https://www.cas.go.jp/jp/ryodo/torikumi/ryodoshitsu/ryodoshitsu-kgd-2016.html,子ども霞が関見学デー - 領土対策室 - 政府の取組について｜内閣官房 領土・主権対策企画調整室
https://www.cas.go.jp/jp/ryodo/shiryo/takeshima/index.html,竹島資料ポータルサイト（Takeshima Archives Portal）
https://www.cas.go.jp/jp/ryodo/shiryo/senkaku/index.html,尖閣諸島資料ポータルサイト（Senkaku Islands Archives Portal）
https://www.cas.go.jp/jp/ryodo/torikumi/ryodoshitsu/ryodoshitsu-tkh-17.html,務台内閣府大臣政務官の第12回「竹島の日」記念式典の出席について - 領土対策室 - 政府の取組について｜内閣官房 領土・主権対策企画調整室
https://www.cas.go.jp/jp/ryodo/torikumi/ryodoshitsu/ryodoshitsu-ini-02.html,総合調整会議 - 領土対策室 - 政府の取組について｜内閣官房 領土・主権対策企画調整室
https://www.cas.go.jp/jp/ryodo/kyoiku/shiryoshu.html,領土・主権に関する教育資料集｜内閣官房 領土・主権対策企画調整室
https://www.cas.go.jp/jp/ryodo/torikumi/ryodoshitsu/ryodoshitsu-tkh-18.html,山下雄平内閣府大臣政務官の第13回「竹島の日」記念式典の出席について - 領土対策室 - 政府の取組について｜内閣官房 領土・主権対策企画調整室
https://www.cas.go.jp/jp/ryodo/shiryo/takeshima/information/information01.html,インフォメーション | 竹島資料ポータルサイト（Takeshima Archives Portal）
https://www.cas.go.jp/jp/ryodo/shiryo/senkaku/information/information01.html,インフォメーション | 尖閣諸島資料ポータルサイト（Senkaku Islands Archives Portal）
https://www.cas.go.jp/jp/ryodo/tenjikan/sekisui.html,特別展示【いったい何者？江戸の地図男！長久保赤水展】
https://www.cas.go.jp/jp/ryodo/tenjikan/,領土・主権展示館
https://www.cas.go.jp/jp/ryodo/ryodo/hoppou.html,北方領土問題について｜領土・主権対策企画調整室
https://www.cas.go.jp/jp/ryodo/ryodo/takeshima.html,竹島問題について｜領土・主権対策企画調整室
https://www.cas.go.jp/jp/ryodo/senkaku/senkaku.html,尖閣諸島｜内閣官房 領土・主権対策企画調整室
https://www.cas.go.jp/jp/gaiyou/jimu/soumukan.html,内閣総務官室｜内閣官房ホームページ
https://www.cas.go.jp/backnumber_h26.html,平成２６年のトピックス掲載案件 | 内閣官房ホームページ
https://www.cas.go.jp/backnumber_h25.html,平成２５年のトピックス掲載案件 | 内閣官房ホームページ
https://www.cas.go.jp/backnumber_h24.html,平成２４年のトピックス掲載案件 | 内閣官房ホームページ
https://www.cas.go.jp/backnumber_h23.html,平成２３年のトピックス掲載案件 | 内閣官房ホームページ
https://www.cas.go.jp/backnumber_h22.html,平成２２年のトピックス掲載案件 | 内閣官房ホームページ
https://www.cas.go.jp/backnumber_h21.html,平成２１年のトピックス掲載案件 | 内閣官房ホームページ
https://www.cas.go.jp/backnumber_h20.html,"平成２０年のトピックス掲載案件 | 内閣官房ホームページ
"
https://www.cas.go.jp/backnumber_h19.html,平成１９年のトピックス掲載案件 | 内閣官房ホームページ
https://www.cas.go.jp/backnumber_h18.html,平成１８年のトピックス掲載案件 | 内閣官房ホームページ
https://www.cas.go.jp/backnumber_h17.html,平成１７年のトピックス掲載案件 | 内閣官房ホームページ
https://www.cas.go.jp/jp/seisaku/resilience/dai46/kondankai.html,ナショナル・レジリエンス(防災・減災)懇談会（第４６回）の開催について
https://www.cas.go.jp/jp/seisaku/infection/event/seminar20190218.html,国際感染症対策調整室
https://www.cas.go.jp/jp/hourei/index.html,所管法令｜内閣官房ホームページ
https://www.cas.go.jp/jp/seisaku/index.html,各種本部・会議等の活動情報｜内閣官房ホームページ
https://www.cas.go.jp/jp/houdou/index.html,報道発表 | 内閣官房ホームページ
https://www.cas.go.jp/jp/saiyou/index.html,採用情報 | 内閣官房ホームページ
https://www.cas.go.jp/jp/gaiyou/eibun/index.html,内閣官房組織等英文名称一覧｜内閣官房ホームページ
https://www.cas.go.jp/jp/seisaku/resilience/dai10/kaisai.html,ナショナル・レジリエンス(防災・減災)懇談会（第10回）の開催について
https://www.cas.go.jp/jp/doppou_koubo/index.html,独立行政法人の公募について
https://www.cas.go.jp/jp/seisaku/jouhouwg/dai1/kaisai.html,個人情報保護ワーキンググループ及び情報連携基盤技術ワーキンググループ
https://www.cas.go.jp/jp/seisaku/syakaihosyou/kentokai/dai2/gijisidai.html,社会保障改革
https://www.cas.go.jp/jp/seisaku/hourei/data2.html,法令翻訳データ(標準対訳辞書対応)
https://www.cas.go.jp/jp/seisaku/gyouseikouritu/houkoku/080207/index.html,行政効率化推進計画等の取組実績
https://www.cas.go.jp/jp/seisaku/taiwa/pc/070328pcboshu.html,"「『新しい国民との直接対話』に関する基本的考え方及び運営のあり方について（案）」に対する意見の募集について
"
https://www.cas.go.jp/jp/seisaku/gyouseikouritu/houkoku/060131/index.html,行政効率化推進計画等の取組実績
https://www.cas.go.jp/jp/seisaku/mohouhin/index.html,模倣品・海賊版対策関係省庁連絡会議
https://www.cas.go.jp/jp/houdou/050729kaisetu.html,国民保護ポータルサイトの開設について
https://www.cas.go.jp/jp/seisaku/infection/movie.html,国際感染症対策調整室 | 関連動画
https://www.cas.go.jp/jp/seisaku/infection/activities/jika.html,国際感染症対策調整室 | 国際感染症対策調整室の取組 | ジカウイルス感染症
https://www.cas.go.jp/jp/seisaku/ryuugaku/index.html,若者の海外留学促進のための関係省庁等連絡会議
https://www.cas.go.jp/jp/houdou/index_16.html,報道発表 平成28年 | 内閣官房ホームページ
https://www.cas.go.jp/jp/houdou/index_15.html,報道発表 平成27年 | 内閣官房ホームページ
https://www.cas.go.jp/jp/houdou/index_14.html,報道発表
https://www.cas.go.jp/jp/houdou/index_13.html,報道発表
https://www.cas.go.jp/jp/houdou/index_12.html,報道発表
https://www.cas.go.jp/jp/houdou/index_11.html,報道発表
https://www.cas.go.jp/jp/houdou/index_10.html,報道発表
https://www.cas.go.jp/jp/houdou/index_09.html,報道発表
https://www.cas.go.jp/jp/houdou/index_07.html,報道発表
https://www.cas.go.jp/jp/houdou/index_06.html,報道発表
https://www.cas.go.jp/jp/houdou/index_05.html,報道発表
https://www.cas.go.jp/jp/houdou/index_04.html,報道発表
https://www.cas.go.jp/jp/houdou/index_03.html,報道発表
https://www.cas.go.jp/jp/houdou/index_02.html,報道発表
https://www.cas.go.jp/jp/houdou/170125satellite.html,情報収集衛星レーダ５号機の打上げについて
https://www.cas.go.jp/jp/seisaku/ryuugaku/dai2/sidai.html,"若者の海外留学促進のための関係省庁等連絡会議
"
https://www.cas.go.jp/jp/seisaku/ryuugaku/dai1/sidai.html,"若者の海外留学促進のための関係省庁等連絡会議
"
https://www.cas.go.jp/jp/houdou/150323vanuatu.html,"バヌアツ共和国　サイクロン被災状況推定地図について
"
https://www.cas.go.jp/jp/houdou/140124kaigi.html,議事次第
https://www.cas.go.jp/jp/houdou/130118mitsubishi_kaijo.html,三菱電機㈱に対する指名停止措置の解除について
https://www.cas.go.jp/jp/houdou/121207dokuhou.html,独立行政法人等の役員に就いている退職公務員等の状況の公表について（政府全体）（平成24年度）
https://www.cas.go.jp/jp/houdou/121221mitsubishi_seikyu.html,三菱電機㈱による過大請求事案の調査結果について
https://www.cas.go.jp/jp/houdou/130702kondankai.html,"「－戦略的発信の強化に向けて－領土・主権をめぐる内外発信に関する有識者懇談会報告書」について
"
https://www.cas.go.jp/jp/houdou/131113chizu.html,"フィリピン政府への台風被害の被災状況推定地図の提供について
"
https://www.cas.go.jp/jp/houdou/131115chizu.html,"フィリピンにおける台風被害の被災状況推定地図（第２報）の公開について
"
https://www.cas.go.jp/jp/houdou/131118chizu.html,フィリピンにおける台風被害の被災状況推定地図（第３報）の公開について
https://www.cas.go.jp/jp/houdou/061227kouhyou_s.html,再就職状況の公表について
https://www.cas.go.jp/jp/houdou/050712kyuyo.html,給与の全額振込状況のフォローアップ調査(平成17年3月期調査)
https://www.cas.go.jp/jp/houdou/040831yosan.html,平成１７年度予算概算要求額総表
https://www.cas.go.jp/jp/houdou/030826zeisei.html,平成１６年度税制改正要望
https://www.cas.go.jp/jp/houdou/021224yosanan.html,平成１５年度予算（案）
https://www.cas.go.jp/jp/houdou/021226kohyo_s.html,再就職状況の公表について（総務省）
https://www.cas.go.jp/jp/houdou/021226kohyo_k.html,再就職状況の公表について
https://www.cas.go.jp/jp/houdou/030826yosan.html,平成１６年度予算概算要求額総表
https://www.cas.go.jp/jp/houdou/031224yosanan.html,平成１６年度予算概算要求額総表
https://www.cas.go.jp/jp/houdou/031225kouhyou_s.html,再就職状況の公表について（総務省）
https://www.cas.go.jp/jp/houdou/031225kouhyou_n.html,再就職状況の公表について
https://www.cas.go.jp/jp/houdou/040914kunitotihou.html,「国と地方の協議の場」議事要旨
https://www.cas.go.jp/jp/houdou/041207kyuyo.html,給与の全額振込状況のフォローアップ調査
https://www.cas.go.jp/jp/houdou/041227kouhyou_s.html,再就職状況の公表について
https://www.cas.go.jp/jp/houdou/041227kouhyou_n.html,再就職状況の公表について
https://www.cas.go.jp/jp/houdou/041227yosanan.html,平成１７年度予算概算要求額総表
https://www.cas.go.jp/jp/houdou/051226kouhyou_n.html,再就職状況の公表について
https://www.cas.go.jp/jp/houdou/061227kouhyou_n.html,再就職状況の公表について
https://www.cas.go.jp/jp/houdou/131119chizu.html,フィリピンにおける台風被害の被災状況推定地図（第４報）の公開について
https://www.cas.go.jp/jp/houdou/131128chizu.html,フィリピンにおける台風被害の被災状況推定地図（第５報）の公開について
https://www.cas.go.jp/jp/houdou/131129chizu.html,フィリピンにおける台風被害の被災状況推定地図（第６報）の公開について
https://www.cas.go.jp/jp/houdou/131202chizu.html,フィリピンにおける台風被害の被災状況推定地図（第７報）の公開について
https://www.cas.go.jp/jp/houdou/131220koukai.html,オープンデータの「データカタログサイト試行版」の公開について
https://www.cas.go.jp/jp/houdou/140301pd.html,パーソナルデータ関連制度担当室の設置について
https://www.cas.go.jp/jp/houdou/140327malaysia.html,マレーシア航空機の消息不明事案に関するマレーシア政府への情報提供について
https://www.cas.go.jp/jp/houdou/140404kensetsu.html,建設分野における外国人材の活用に係る緊急措置について
https://www.cas.go.jp/jp/houdou/140520kunji.html,水循環政策本部事務局設立準備室の設置及び水循環政策担当大臣による訓示について
https://www.cas.go.jp/jp/houdou/140812senyouki.html,新たな政府専用機の機種決定について
https://www.cas.go.jp/jp/houdou/141009kokuren.html,国連持続可能な開発のための教育の10年（2005～2014 年） ジャパンレポートの決定について 
https://www.cas.go.jp/jp/houdou/150604nishinoshima.html,西之島の噴火活動に関する資料の提供について （更新）
https://www.cas.go.jp/jp/houdou/150909shorigazou.html,大規模災害時等における情報収集衛星画像に基づく加工処理画像の公開について
https://www.cas.go.jp/jp/houdou/151217nishinoshima.html,西之島の噴火活動に関する資料の提供について （更新）
https://www.cas.go.jp/jp/houdou/170711saigai.html,福岡県・大分県等の大雨に係る被災地域の加工処理画像等について（更新）
https://www.cas.go.jp/jp/houdou/171226csice.html,報道発表 | 内閣官房ホームページ
https://www.cas.go.jp/jp/houdou/180314csice.html,報道発表 | 内閣官房ホームページ
https://www.cas.go.jp/jp/houdou/180315csice.html,報道発表 | 内閣官房ホームページ
https://www.cas.go.jp/jp/houdou/h30_amrtaisakusuisin.html,報道発表 | 内閣官房ホームページ
https://www.cas.go.jp/jp/houdou/190118sandbox.html,報道発表 | 内閣官房ホームページ
https://www.cas.go.jp/jp/houdou/190306sandbox.html,報道発表 | 内閣官房ホームページ
https://www.cas.go.jp/jp/seisaku/ryohi_kaikei/index.html,旅費・会計等業務効率化推進会議 
https://www.cas.go.jp/jp/ryodo/,内閣官房 領土・主権対策企画調整室
https://www.cas.go.jp/jp/seisaku/yosanshikkou_kouhyou/index.html,予算執行等の情報公開
https://www.cas.go.jp/jp/seisaku/kodomo_mushouka/index.html,"幼稚園、保育所、認定こども園以外の無償化措置の対象範囲等に関する検討会
｜内閣官房ホームページ"
https://www.cas.go.jp/jp/seisaku/youseikaikaku/index.html,郵政改革
https://www.cas.go.jp/jp/seisaku/summerstyle/index.html,「ゆう活」に関する次官級連絡会議
https://www.cas.go.jp/jp/seisaku/monju/,「もんじゅ」廃止措置推進チーム
https://www.cas.go.jp/jp/seisaku/mynumber_tf/,マイナンバーカードの普及及びマイナンバーの利活用に関するタスクフォース｜内閣官房ホームページ
https://www.cas.go.jp/jp/seisaku/housyanou/index.html,放射能対策連絡会議
https://www.cas.go.jp/jp/seisaku/hisaitiwg/index.html,被災地等における安全・安心の確保対策ワーキングチーム
https://www.cas.go.jp/jp/seisaku/kodomo/index.html,犯罪から子供を守るための対策に関する関係省庁連絡会議
https://www.cas.go.jp/jp/seisaku/hague/index.html,ハーグ条約（国際的な子の奪取の民事上の側面に関する条約）に係る副大臣会議
https://www.cas.go.jp/jp/seisaku/noguchi/index.html,野口英世アフリカ賞に関する関係省庁連絡会議
https://www.cas.go.jp/jp/seisaku/jinkouchinou/,人間中心のＡＩ社会原則会議
https://www.cas.go.jp/jp/seisaku/ryohi_kaikei/kanjikai_dai3/gijisidai.html,旅費・会計等業務効率化推進会議幹事会
https://www.cas.go.jp/jp/seisaku/ryohi_kaikei/kanjikai_dai2/gijisidai.html,旅費・会計等業務効率化推進会議幹事会
https://www.cas.go.jp/jp/seisaku/ryohi_kaikei/kanjikai_dai1/gijisidai.html,旅費・会計等業務効率化推進会議幹事会
https://www.cas.go.jp/jp/seisaku/youseikaikaku/hearing/100104/siryou.html,郵政改革に関するヒアリング 資料
https://www.cas.go.jp/jp/seisaku/summerstyle/suisin/20181102/gijisidai.html,"「ゆう活」に関する次官級連絡会議
"
https://www.cas.go.jp/jp/seisaku/monju/dai2/gijisidai.html,「もんじゅ」廃止措置推進チーム 議事次第
https://www.cas.go.jp/jp/seisaku/mynumber_tf/dai1/gijisidai.html,議事次第｜内閣官房ホームページ
https://www.cas.go.jp/jp/seisaku/housyanou/konkyo.html,放射能対策連絡会議-設置根拠
https://www.cas.go.jp/jp/seisaku/hisaitiwg/kaisai.html,被災地等における安全・安心の確保対策ワーキングチーム
https://www.cas.go.jp/jp/seisaku/monju/dai1/gijisidai.html,「もんじゅ」廃止措置推進チーム 議事次第
https://www.cas.go.jp/jp/seisaku/summerstyle/suisin/20180629/gijisidai.html,"「ゆう活」に関する次官級連絡会議
"
https://www.cas.go.jp/jp/seisaku/summerstyle/suisin/20171027/gijisidai.html,"「ゆう活」に関する次官級連絡会議
"
https://www.cas.go.jp/jp/seisaku/kodomo/kaisai.html,犯罪から子供を守るための対策に関する関係省庁連絡会議-開催状況
https://www.cas.go.jp/jp/seisaku/summerstyle/suisin/20170630/gijisidai.html,"「ゆう活」に関する次官級連絡会議
"
https://www.cas.go.jp/jp/seisaku/noguchi/link.html,野口英世アフリカ賞に関する関係省庁連絡会議-関連リンク-
https://www.cas.go.jp/jp/seisaku/jinkouchinou/gijishidai.html,第1回　人間中心のＡＩ社会原則会議議事
https://www.cas.go.jp/jp/seisaku/noguchi/kaisai.html,野口英世アフリカ賞に関する関係省庁連絡会議-開催状況-
https://www.cas.go.jp/jp/seisaku/noguchi/konkyo.html,野口英世アフリカ賞に関する関係省庁連絡会議-根拠-
https://www.cas.go.jp/jp/seisaku/summerstyle/suisin/20161111/gijisidai.html,"「ゆう活」に関する次官級連絡会議
"
https://www.cas.go.jp/jp/seisaku/summerstyle/suisin/20160624/gijisidai.html,"「ゆう活」に関する次官級連絡会議
"
https://www.cas.go.jp/jp/seisaku/summerstyle/suisin/20150626gijisidai.html,「ゆう活」に関する次官級連絡会議
https://www.cas.go.jp/jp/seisaku/summerstyle/suisin/gijisidai.html,"「ゆう活」に関する次官級連絡会議
"
https://www.cas.go.jp/jp/seisaku/youseikaikaku/hearing/siryou.html,郵政改革に関するヒアリング 資料
https://www.cas.go.jp/jp/seisaku/youseikaikaku/dai9/index.html,第９回郵政改革関係政策会議　出席団体　資料
https://www.cas.go.jp/jp/seisaku/kodomo_mushouka/dai7/siryou.html,議事次第｜内閣官房ホームページ
https://www.cas.go.jp/jp/seisaku/kodomo_mushouka/dai6/siryou.html,議事次第｜内閣官房ホームページ
https://www.cas.go.jp/jp/seisaku/kodomo_mushouka/dai5/siryou.html,議事次第｜内閣官房ホームページ
https://www.cas.go.jp/jp/seisaku/kodomo_mushouka/dai4/siryou.html,議事次第｜内閣官房ホームページ
https://www.cas.go.jp/jp/seisaku/kodomo_mushouka/dai3/siryou.html,議事次第｜内閣官房ホームページ
https://www.cas.go.jp/jp/seisaku/kodomo_mushouka/dai2/siryou.html,議事次第｜内閣官房ホームページ
https://www.cas.go.jp/jp/seisaku/kodomo_mushouka/dai1/siryou.html,議事次第｜内閣官房ホームページ
https://www.cas.go.jp/jp/seisaku/ryohi_kaikei/dai2/gijisidai.html,旅費・会計等業務効率化推進会議
https://www.cas.go.jp/jp/seisaku/ryohi_kaikei/dai1/gijisidai.html,旅費・会計等業務効率化推進会議
https://www.cas.go.jp/jp/seisaku/2025_hakurankai_kaigi/,2025年に開催する国際博覧会関係閣僚会議｜内閣官房ホームページ
https://www.cas.go.jp/jp/seisaku/naikakuhozenkansi/index.html,内閣保全監視委員会
https://www.cas.go.jp/jp/seisaku/cs_minaoshi/,内閣官房及び内閣府の業務の見直し
https://www.cas.go.jp/jp/seisaku/digitalbroadcast/index.html,デジタル放送への移行完了のための関係省庁連絡会議
https://www.cas.go.jp/jp/tpp/tppinfo2.html,国内情報
https://www.cas.go.jp/jp/tpp/torikumi/honbu.html,ＴＰＰ総合対策本部 | ＴＰＰ等政府対策本部
https://www.cas.go.jp/jp/tpp/index.html,ＴＰＰ等政府対策本部
https://www.cas.go.jp/jp/seisaku/chotatu/index.html,調達改善の取組
https://www.cas.go.jp/jp/seisaku/tihousousei/index.html,地方創生に関する取り組み
https://www.cas.go.jp/jp/seisaku/gaikokujinzai_tf/index.html,専門的・技術的分野における外国人材の受入れに関するタスクフォース｜内閣官房ホームページ
https://www.cas.go.jp/jp/seisaku/joho_system/index.html,政府における情報システムに関する予算・調達関係省庁会議｜内閣官房ホームページ
https://www.cas.go.jp/jp/seisaku/chotatsu/,政府調達の自主的措置に関する関係省庁等会議
https://www.cas.go.jp/jp/seisaku/kagayakujosei/index.html,すべての女性が輝く社会づくり本部
https://www.cas.go.jp/jp/seisaku/ful/index.html,新型インフルエンザ等に関する関係省庁対策会議
https://www.cas.go.jp/jp/seisaku/ful/yusikisyakaigi.html,新型インフルエンザ等対策有識者会議
https://www.cas.go.jp/jp/seisaku/ful/kakuryoukaigi.html,新型インフルエンザ等対策閣僚会議
https://www.cas.go.jp/jp/seisaku/jyouhouhozen/index.html,情報保全諮問会議
https://www.cas.go.jp/jp/seisaku/2025_hakurankai_kaigi/eg/index.html,Ministerial Council for World Expo 2025｜内閣官房ホームページ
https://www.cas.go.jp/jp/seisaku/shouhizeiritsu_tf/index.html,消費税率引上げによる需要変動の平準化に関するタスクフォース｜内閣官房ホームページ
https://www.cas.go.jp/jp/seisaku/syakaihosyou/,社会保障と税の一体改革
https://www.cas.go.jp/jp/seisaku/digitalbroadcast/actionplan/110525kaishu_p.html,国の施設のデジタル化改修計画及び国の施設による受信障害への対応計画
https://www.cas.go.jp/jp/tpp/tppinfo.html,交渉会合関連情報
https://www.cas.go.jp/jp/tpp/torikumi/index.html,政府の取組 | ＴＰＰ等政府対策本部
https://www.cas.go.jp/jp/tpp/tpp11/index.html,ＴＰＰ１１について | ＴＰＰ等政府対策本部
https://www.cas.go.jp/jp/seisaku/chotatu/h25_kekka.html,平成２５年度調達改善計画
https://www.cas.go.jp/jp/seisaku/chotatu/h24_kekka.html,平成２４年度調達改善の取組に関する点検結果
https://www.cas.go.jp/jp/seisaku/chotatu/h25_kekka2.html,平成25年度上半期調達改善の取組に関する点検結果
https://www.cas.go.jp/jp/seisaku/joho_system/dai1/gijisidai.html,議事次第｜内閣官房ホームページ
https://www.cas.go.jp/jp/seisaku/chotatsu/dai5/gijisidai.html,政府調達の自主的措置に関する関係省庁等会議（第５回）議事次第
https://www.cas.go.jp/jp/seisaku/kagayakujosei/dai7/gijisidai.html,すべての女性が輝く社会づくり本部 議事次第
https://www.cas.go.jp/jp/seisaku/ful/dai20/dai20.html,新型インフルエンザ及び鳥インフルエンザに関する関係省庁対策会議
https://www.cas.go.jp/jp/seisaku/ful/osirase.html,～河岡義裕先生が、日本学士院賞を受賞されました～
https://www.cas.go.jp/jp/seisaku/jyouhouhozen/kentoujyoukyou/index.html,第２回情報保全諮問会議に向けた検討状況
https://www.cas.go.jp/jp/seisaku/ful/syakai/dai1/sidai.html,"新型インフルエンザ等対策有識者会議　社会機能に関する分科会（第１回）
"
https://www.cas.go.jp/jp/seisaku/ful/syakai/dai2/sidai.html,"新型インフルエンザ等対策有識者会議　社会機能に関する分科会（第２回）
"
https://www.cas.go.jp/jp/seisaku/syakaihosyou/en/index.html,Comprehensive Reform of Social Security and Tax
https://www.cas.go.jp/jp/seisaku/syakaihosyou/kentokai/dai1/gijisidai.html,社会保障改革
https://www.cas.go.jp/jp/seisaku/syakaihosyou/kentokai/dai5/gijisidai.html,"社会保障改革に関する有識者検討会（第５回）議事次第
"
https://www.cas.go.jp/jp/seisaku/syakaihosyou/syutyukento/dai1/kaiken.html,与謝野社会保障・税一体改革担当大臣　第１回社会保障改革に関する集中検討会議後記者会見要旨
https://www.cas.go.jp/jp/seisaku/syakaihosyou/syutyukento/dai1/gijisidai.html,社会保障改革に関する集中検討会議
https://www.cas.go.jp/jp/seisaku/syakaihosyou/syutyukento/dai2/kaiken.html,"与謝野社会保障・税一体改革担当大臣　第２回社会保障改革に関する集中検討会議後記者会見要旨
"
https://www.cas.go.jp/jp/seisaku/syakaihosyou/syutyukento/dai2/gijisidai.html,社会保障改革に関する集中検討会議
https://www.cas.go.jp/jp/seisaku/syakaihosyou/syutyukento/dai3/kaiken.html,"与謝野社会保障・税一体改革担当大臣　第３回社会保障改革に関する集中検討会議後記者会見要旨
"
https://www.cas.go.jp/jp/seisaku/syakaihosyou/syutyukento/dai3/gijisidai.html,社会保障改革に関する集中検討会議
https://www.cas.go.jp/jp/seisaku/syakaihosyou/syutyukento/dai4/gijisidai.html,社会保障改革に関する集中検討会議
https://www.cas.go.jp/jp/seisaku/syakaihosyou/syutyukento/junbi/gijisidai.html,集中検討会議への準備作業会合
https://www.cas.go.jp/jp/seisaku/syakaihosyou/syutyukento/0419junbi/gijisidai.html,集中検討会議への準備作業会合
https://www.cas.go.jp/jp/seisaku/syakaihosyou/syutyukento/ikenkoukan/gijisidai.html,社会保障改革
https://www.cas.go.jp/jp/seisaku/syakaihosyou/syutyukento/ikenkoukan3/gijisidai.html,社会保障改革
https://www.cas.go.jp/jp/seisaku/syakaihosyou/syutyukento/dai11/gijisidai.html,社会保障改革
https://www.cas.go.jp/jp/seisaku/syakaihosyou/kentohonbu/ikenkoukan/haihusiryou.html,社会保障改革
https://www.cas.go.jp/jp/seisaku/syakaihosyou/houan.html,社会保障改革
https://www.cas.go.jp/jp/seisaku/syakaihosyou/news.html,社会保障改革
https://www.cas.go.jp/jp/seisaku/ful/syakai/dai3/sidai.html,"新型インフルエンザ等対策有識者会議　社会機能に関する分科会（第３回）
"
https://www.cas.go.jp/jp/seisaku/ful/syakai/dai4/sidai.html,"新型インフルエンザ等対策有識者会議　社会機能に関する分科会（第４回）
"
https://www.cas.go.jp/jp/seisaku/ful/syakai/dai5/sidai.html,"新型インフルエンザ等対策有識者会議　社会機能に関する分科会（第５回）
"
https://www.cas.go.jp/jp/seisaku/ful/syakai/dai6/sidai.html,"新型インフルエンザ等対策有識者会議　社会機能に関する分科会（第６回）
"
https://www.cas.go.jp/jp/seisaku/ful/syakai/dai7/sidai.html,"新型インフルエンザ等対策有識者会議　社会機能に関する分科会（第７回）
"
https://www.cas.go.jp/jp/seisaku/ful/syakai/dai8/sidai.html,"新型インフルエンザ等対策有識者会議　社会機能に関する分科会（第８回）
"
https://www.cas.go.jp/jp/seisaku/ful/syakai/dai9/sidai.html,新型インフルエンザ等対策有識者会議　社会機能に関する分科会（第９回）
https://www.cas.go.jp/jp/seisaku/ful/syakai/dai10/sidai.html,新型インフルエンザ等対策有識者会議　社会機能に関する分科会（第10回）
https://www.cas.go.jp/jp/seisaku/ful/yusikisyakaigi/dai1/sidai.html,新型インフルエンザ等対策有識者会議（第１回）
https://www.cas.go.jp/jp/seisaku/ful/yusikisyakaigi/dai2/sidai.html,新型インフルエンザ等対策有識者会議（第２回）
https://www.cas.go.jp/jp/seisaku/ful/yusikisyakaigi/dai3/sidai.html,新型インフルエンザ等対策有識者会議（第３回）
https://www.cas.go.jp/jp/seisaku/ful/yusikisyakaigi/dai4/sidai.html,新型インフルエンザ等対策有識者会議（第４回）
https://www.cas.go.jp/jp/seisaku/ful/yusikisyakaigi/dai5/sidai.html,新型インフルエンザ等対策有識者会議（第５回）
https://www.cas.go.jp/jp/seisaku/ful/yusikisyakaigi/dai6/sidai.html,新型インフルエンザ等対策有識者会議（第６回）
https://www.cas.go.jp/jp/seisaku/ful/yusikisyakaigi/dai7/sidai.html,新型インフルエンザ等対策有識者会議（第７回）
https://www.cas.go.jp/jp/seisaku/ful/yusikisyakaigi/dai8/sidai.html,新型インフルエンザ等対策有識者会議（第８回）
https://www.cas.go.jp/jp/seisaku/ful/yusikisyakaigi/dai9/sidai.html,新型インフルエンザ等対策有識者会議（第9回）
https://www.cas.go.jp/jp/seisaku/ful/yusikisyakaigi/dai10/sidai.html,新型インフルエンザ等対策有識者会議（第10回）
https://www.cas.go.jp/jp/seisaku/ful/yusikisyakaigi/dai11/sidai.html,新型インフルエンザ等対策有識者会議（第11回）
https://www.cas.go.jp/jp/seisaku/ful/yusikisyakaigi/dai12/sidai.html,新型インフルエンザ等対策有識者会議（第12回）
https://www.cas.go.jp/jp/seisaku/ful/yusikisyakaigi/dai13/sidai.html,新型インフルエンザ等対策有識者会議（第13回）
https://www.cas.go.jp/jp/seisaku/ful/yusikisyakaigi/dai14/sidai.html,新型インフルエンザ等対策有識者会議（第13回）
https://www.cas.go.jp/jp/seisaku/ful/yusikisyakaigi/dai15/sidai.html,新型インフルエンザ等対策有識者会議（第15回）
https://www.cas.go.jp/jp/seisaku/ful/yusikisyakaigi/dai16/sidai.html,新型インフルエンザ等対策有識者会議（第16回）
https://www.cas.go.jp/jp/seisaku/ful/dai21/dai21.html,新型インフルエンザ及び鳥インフルエンザに関する関係省庁対策会議（第２１回）
https://www.cas.go.jp/jp/seisaku/ful/dai22/dai22.html,新型インフルエンザ及び鳥インフルエンザに関する関係省庁対策会議
https://www.cas.go.jp/jp/seisaku/ful/dai23/dai23.html,新型インフルエンザ及び鳥インフルエンザ等に関する関係省庁対策会議
https://www.cas.go.jp/jp/seisaku/ful/dai45/dai45.html,新型インフルエンザ及び鳥インフルエンザ等に関する関係省庁対策会議
https://www.cas.go.jp/jp/seisaku/ful/dai47/dai47.html,新型インフルエンザ及び鳥インフルエンザ等に関する関係省庁対策会議
https://www.cas.go.jp/jp/seisaku/ful/dai48/dai48.html,新型インフルエンザ及び鳥インフルエンザ等に関する関係省庁対策会議
https://www.cas.go.jp/jp/seisaku/ful/dai49/dai49.html,新型インフルエンザ及び鳥インフルエンザ等に関する関係省庁対策会議
https://www.cas.go.jp/jp/seisaku/ful/dai50/dai50.html,新型インフルエンザ及び鳥インフルエンザ等に関する関係省庁対策会議
https://www.cas.go.jp/jp/seisaku/ful/dai51/dai51.html,新型インフルエンザ等及び鳥インフルエンザ等に関する関係省庁対策会議
https://www.cas.go.jp/jp/seisaku/ful/dai52/dai52.html,新型インフルエンザ等及び鳥インフルエンザ等に関する関係省庁対策会議（第５２回）（持回り開催）
https://www.cas.go.jp/jp/seisaku/ful/dai53/dai53.html,新型インフルエンザ等に関する関係省庁対策会議（第５３回）（持回り開催）
https://www.cas.go.jp/jp/seisaku/ful/dai54/dai54.html,新型インフルエンザ等に関する関係省庁対策会議（第５４回）（持回り開催）
https://www.cas.go.jp/jp/seisaku/ful/dai56/dai56.html,新型インフルエンザ等に関する関係省庁対策会議
https://www.cas.go.jp/jp/seisaku/ful/dai58/dai58.html,新型インフルエンザ等に関する関係省庁対策会議
https://www.cas.go.jp/jp/seisaku/kagayakujosei/dai6/gijisidai.html,すべての女性が輝く社会づくり本部 議事次第
https://www.cas.go.jp/jp/seisaku/kagayakujosei/dai5/gijisidai.html,すべての女性が輝く社会づくり本部 議事次第
https://www.cas.go.jp/jp/seisaku/kagayakujosei/dai4/gijisidai.html,すべての女性が輝く社会づくり本部 議事次第
https://www.cas.go.jp/jp/seisaku/kagayakujosei/dai1/gijisidai.html,すべての女性が輝く社会づくり本部 議事次第
https://www.cas.go.jp/jp/seisaku/chotatsu/dai4/gijisidai.html,政府調達の自主的措置に関する関係省庁等会議（第４回）議事次第
https://www.cas.go.jp/jp/seisaku/chotatsu/dai3/gijisidai.html,政府調達の自主的措置に関する関係省庁等会議（第３回）議事次第
https://www.cas.go.jp/jp/seisaku/chotatsu/dai2/gijisidai.html,政府調達の自主的措置に関する関係省庁等会議（第２回）議事次第
https://www.cas.go.jp/jp/seisaku/chotatu/h25_tenken_kekka.html,平成２５年度調達改善の取組に関する点検結果
https://www.cas.go.jp/jp/seisaku/chotatu/h26_kekka.html,平成26年度調達改善計画
https://www.cas.go.jp/jp/seisaku/chotatu/h26_kekka2.html,平成26年度上半期調達改善の取組に関する点検結果
https://www.cas.go.jp/jp/seisaku/chotatu/h27_kaizen.html,平成２７年度調達改善計画
https://www.cas.go.jp/jp/seisaku/chotatu/h26_tenken_kekka.html,平成２６年度調達改善の取組に関する点検結果
https://www.cas.go.jp/jp/seisaku/chotatu/h27_kekka2.html,平成27年度上半期調達改善の取組に関する点検結果
https://www.cas.go.jp/jp/seisaku/chotatu/h28_kaizen.html,平成２８年度調達改善計画
https://www.cas.go.jp/jp/seisaku/chotatu/h27_tenken_kekka.html,平成２７年度調達改善の取組に関する点検結果
https://www.cas.go.jp/jp/seisaku/chotatu/h28_tenken_kekka.html,平成28年度上半期調達改善の取組に関する点検結果
https://www.cas.go.jp/jp/seisaku/chotatu/h29_kaizen.html,平成２９年度調達改善計画
https://www.cas.go.jp/jp/seisaku/chotatu/h28_tenken2_kekka.html,平成２８年度調達改善の取組に関する点検結果
https://www.cas.go.jp/jp/tpp/ffr/index.html,日米協議 | ＴＰＰ等政府対策本部
https://www.cas.go.jp/jp/tpp/qanda/index.html,Q&A | ＴＰＰ等政府対策本部
https://www.cas.go.jp/jp/tpp/kouka/index.html,ＴＰＰの効果 | ＴＰＰ等政府対策本部
https://www.cas.go.jp/jp/tpp/naiyou/tpp_24shou.html,ＴＰＰの内容 | ＴＰＰ等政府対策本部
https://www.cas.go.jp/jp/tpp/naiyou/index.html,ＴＰＰの内容 | ＴＰＰ等政府対策本部
https://www.cas.go.jp/jp/tpp/about/index.html,ＴＰＰとは | ＴＰＰ等政府対策本部
http://www.cas.go.jp,内閣官房ホームページ
https://www.cas.go.jp/jp/tpp/tpp-taisakuhonbu.html,TPP政府対策本部
https://www.cas.go.jp/jp/seisaku/digitalbroadcast/actionplan/110315kaishu_p.html,国の施設のデジタル化改修計画及び国の施設による受信障害への対応計画
https://www.cas.go.jp/jp/seisaku/digitalbroadcast/actionplan/101216kaishu_p.html,国の施設のデジタル化改修計画及び国の施設による受信障害への対応計画
https://www.cas.go.jp/jp/seisaku/digitalbroadcast/actionplan/100331kaishu_p.html,国の施設のデジタル化改修計画及び国の施設による受信障害への対応計画
https://www.cas.go.jp/jp/seisaku/digitalbroadcast/actionplan/100302kaishu_p.html,国の施設のデジタル化改修計画及び国の施設による受信障害への対応計画
https://www.cas.go.jp/jp/seisaku/digitalbroadcast/actionplan/091002jirei.html,各分野における地上デジタル放送の有効活用事例
https://www.cas.go.jp/jp/seisaku/digitalbroadcast/actionplan/090331kaishu_p.html,国の施設のデジタル化改修計画及び国の施設による受信障害への対応計画
https://www.cas.go.jp/jp/seisaku/digitalbroadcast/actionplan/081020kaishu_p.html,国の施設のデジタル化改修計画及び国の施設による受信障害への対応計画
https://www.cas.go.jp/jp/seisaku/digitalbroadcast/forum/dai11/gijisidai.html,デジタル放送への移行完了のための関係省庁連絡会議（第11回）
https://www.cas.go.jp/jp/seisaku/digitalbroadcast/forum/dai10/gijisidai.html,デジタル放送への移行完了のための関係省庁連絡会議（第10回）
https://www.cas.go.jp/jp/seisaku/digitalbroadcast/forum/dai9/gijisidai.html,デジタル放送への移行完了のための関係省庁連絡会議（第9回）
https://www.cas.go.jp/jp/seisaku/digitalbroadcast/forum/dai8/gijisidai.html,デジタル放送への移行完了のための関係省庁連絡会議（第８回）
https://www.cas.go.jp/jp/seisaku/digitalbroadcast/forum/dai7/gijisidai.html,デジタル放送への移行完了のための関係省庁連絡会議（第６回）
https://www.cas.go.jp/jp/seisaku/digitalbroadcast/forum/dai6/gijisidai.html,デジタル放送への移行完了のための関係省庁連絡会議（第５回）
https://www.cas.go.jp/jp/seisaku/digitalbroadcast/forum/dai5/gijisidai.html,デジタル放送への移行完了のための関係省庁連絡会議（第５回）
https://www.cas.go.jp/jp/seisaku/digitalbroadcast/forum/dai4/gijisidai.html,デジタル放送への移行完了のための関係省庁連絡会議（第４回）
https://www.cas.go.jp/jp/seisaku/digitalbroadcast/forum/dai3/gijisidai.html,デジタル放送への移行完了のための関係省庁連絡会議（第３回）
https://www.cas.go.jp/jp/seisaku/digitalbroadcast/forum/dai2/gijisidai.html,デジタル放送への移行完了のための関係省庁連絡会議（第２回）
https://www.cas.go.jp/jp/seisaku/digitalbroadcast/forum/dai1/gijisidai.html,デジタル放送への移行完了のための関係省庁連絡会議（第１回）
https://www.cas.go.jp/jp/seisaku/digitalbroadcast/konkyo.html,デジタル放送への移行完了のための関係省庁連絡会議－根拠・構成員－
https://www.cas.go.jp/jp/seisaku/katudou.html,各種本部・会議等の活動情報
https://www.cas.go.jp/jp/seisaku/cltmadoguchi/,ＣＬＴ活用促進のための政府一元窓口
https://www.cas.go.jp/jp/seisaku/cltmadoguchi/cltkatsuyou.html,ＣＬＴ活用促進に関する関係省庁連絡会議
https://www.cas.go.jp/jp/sangyousekaiisan/,産業遺産の世界遺産登録推進 - 内閣官房　産業遺産の世界遺産登録推進室
https://www.cas.go.jp/jp/seisaku/saihanboushi/,再犯防止対策推進会議
https://www.cas.go.jp/jp/seisaku/saisei_energy2/,再生可能エネルギー等関係府省庁連絡会議
https://www.cas.go.jp/jp/seisaku/saisei_energy/,再生可能エネルギー・水素等関係閣僚会議
https://www.cas.go.jp/jp/seisaku/saisyu_syobun_kaigi/,最終処分関係閣僚会議
https://www.cas.go.jp/jp/seisaku/kokudo_kyoujinka/index.html,国土強靱化
https://www.cas.go.jp/jp/seisaku/kokusaihoumu_sien/index.html,国際法務に係る日本企業支援等に関する関係省庁等連絡会議
https://www.cas.go.jp/jp/seisaku/bunka/index.html,国際文化交流推進会議
https://www.cas.go.jp/jp/seisaku/kokusai_chusai/index.html,国際仲裁の活性化に向けた関係府省連絡会議
https://www.cas.go.jp/jp/seisaku/infection/,国際感染症対策調整室
https://www.cas.go.jp/jp/seisaku/teinen_kentokai/index.html,公務員の定年の引上げに関する検討会｜内閣官房ホームページ
https://www.cas.go.jp/jp/seisaku/kouji/index.html,公共工事の品質確保の促進に関する関係省庁連絡会議
https://www.cas.go.jp/jp/seisaku/genyu/index.html,原油問題関係府省連絡会議
https://www.cas.go.jp/jp/seisaku/genshiryoku/index.html,原子力発電所事故経済被害対応チーム
https://www.cas.go.jp/jp/seisaku/genshiryoku_songaibaisho/index.html,原子力損害賠償の見直しに関する副大臣等会議
https://www.cas.go.jp/jp/seisaku/cltmadoguchi/douga/seni.html,内閣官房ＣＬＴ活用促進のための政府一元窓口YouTube_URL
https://www.cas.go.jp/jp/seisaku/cltmadoguchi/kaigi/dai8/gijisidai.html,ＣＬＴ活用促進に関する関係省庁連絡会議 議事次第
https://www.cas.go.jp/jp/sangyousekaiisan/130920.html,「明治日本の産業革命遺産　九州・山口と関連地域」の世界文化遺産推薦に係る推薦書（暫定版）のユネスコへの提出について
https://www.cas.go.jp/jp/sangyousekaiisan/140115.html,稼働資産を含む産業遺産に関する有識者会議
https://www.cas.go.jp/jp/seisaku/saisei_energy2/dai4/gijisidai.html,"再生可能エネルギー等関係府省庁連絡会議（第４回） 議事次第
"
https://www.cas.go.jp/jp/seisaku/saisei_energy/dai2/gijisidai.html,再生可能エネルギー等関係閣僚会議（第２回）議事次第
https://www.cas.go.jp/jp/seisaku/saisyu_syobun_kaigi/dai5/gijisidai.html,最終処分関係閣僚会議（第５回）議事次第
https://www.cas.go.jp/jp/seisaku/kokudo_kyoujinka/workshop/h260707.html,国土強靱化日米ワークショップ
https://www.cas.go.jp/jp/seisaku/kokusaihoumu_sien/dai6/gijisidai.html,国際法務に係る日本企業支援等に関する関係省庁等連絡会議
https://www.cas.go.jp/jp/seisaku/bunka/kaisai.html,国際文化交流推進会議-開催状況
https://www.cas.go.jp/jp/seisaku/bunka/konkyo.html,国際文化交流推進会議-設置根拠
https://www.cas.go.jp/en/seisaku/infection/index.html,国際感染症対策調整室
https://www.cas.go.jp/jp/seisaku/kokusaihoumu_sien/dai5/gijisidai.html,国際法務に係る日本企業支援等に関する関係省庁等連絡会議
https://www.cas.go.jp/jp/seisaku/kouji/kaisai.html,開催状況
https://www.cas.go.jp/jp/seisaku/kouji/konkyo.html,公共工事の品質確保の促進に関する関係省庁連絡会議
https://www.cas.go.jp/jp/seisaku/kokusaihoumu_sien/dai3/gijisidai.html,国際法務に係る日本企業支援等に関する関係省庁等連絡会議
https://www.cas.go.jp/jp/seisaku/genshiryoku_songaibaisho/dai5/gijisidai.html,原子力損害賠償制度の見直しに関する副大臣等会議（第５回） 議事次第
https://www.cas.go.jp/jp/seisaku/genshiryoku_songaibaisho/dai4/gijisidai.html,原子力損害賠償制度の見直しに関する副大臣等会議（第４回） 議事次第
https://www.cas.go.jp/jp/seisaku/genshiryoku_songaibaisho/dai3/gijisidai.html,原子力損害賠償制度の見直しに関する副大臣等会議（第３回） 議事次第
https://www.cas.go.jp/jp/seisaku/genshiryoku_songaibaisho/dai2/gijisidai.html,"原子力損害賠償制度の見直しに関する副大臣等会議（第２回） 議事次第
"
https://www.cas.go.jp/jp/seisaku/genshiryoku_songaibaisho/dai1/gijisidai.html,"原子力損害賠償制度の見直しに関する副大臣等会議（第１回） 議事次第
"
https://www.cas.go.jp/jp/seisaku/kokusaihoumu_sien/dai1/gijisidai.html,国際法務に係る日本企業支援等に関する関係省庁等連絡会議
https://www.cas.go.jp/jp/seisaku/kokudo_kyoujinka/shinsai_forum/index.html,国連防災世界会議
https://www.cas.go.jp/jp/seisaku/kokudo_kyoujinka/kouhou/symposium/h280217.html,国土強靱化シンポジウムの概要
https://www.cas.go.jp/jp/seisaku/kokudo_kyoujinka/textbook.html,学習教材「防災まちづくり・くにづくり」
https://www.cas.go.jp/jp/seisaku/kokudo_kyoujinka/ninshou_sosiki.html,認証組織の公表
https://www.cas.go.jp/jp/seisaku/kokudo_kyoujinka/h28_minkan/index.html,国土強靭化 民間の取り組み事例集 | 国土強靱化 | 内閣官房
https://www.cas.go.jp/jp/seisaku/kokudo_kyoujinka/sisakushu/,国土強靱化　民間の取組事例集
https://www.cas.go.jp/jp/seisaku/kokudo_kyoujinka/tsunami_forum/index.html,世界津波の日フォーラム
https://www.cas.go.jp/jp/seisaku/kokudo_kyoujinka/kouhou/symposium/h291115teidan.html,国土強靱化シンポジウムの概要
https://www.cas.go.jp/jp/seisaku/kokudo_kyoujinka/symposium/h291018.html,医療・社会福祉施設等を対象とした事業継続に係るシンポジウム
https://www.cas.go.jp/jp/seisaku/kokudo_kyoujinka/h29_minkan/bosyu.html,国土強靱化　民間の取組事例集
https://www.cas.go.jp/jp/seisaku/kokudo_kyoujinka/h30_minkan/index.html,国土強靭化 民間の取り組み事例集 | 国土強靱化 | 内閣官房
https://www.cas.go.jp/jp/seisaku/kokudo_kyoujinka/ninshou_dantaiichiran.html,国土強靱化貢献団体認証　認証取得団体一覧表
https://www.cas.go.jp/jp/seisaku/kokudo_kyoujinka/event.html,国土強靱化関連イベント
https://www.cas.go.jp/jp/seisaku/kokudo_kyoujinka/symposium/h301031.html,企業における事業継続に係るシンポジウム
https://www.cas.go.jp/jp/seisaku/kokudo_kyoujinka/kouhou/sp_28/hitokoto.html,国土強靱化：私のひとこと
https://www.cas.go.jp/jp/seisaku/kokudo_kyoujinka/sisakushu/index.html,国土強靱化　民間の取組事例集
https://www.cas.go.jp/jp/seisaku/kokudo_kyoujinka/workshop.html,国土強靱化ワークショップ
https://www.cas.go.jp/jp/seisaku/kokudo_kyoujinka/torikumi.html,これまでの取組
https://www.cas.go.jp/jp/seisaku/kokudo_kyoujinka/kouhou.html,広報
https://www.cas.go.jp/jp/seisaku/kokudo_kyoujinka/kondankai.html,懇談会等
https://www.cas.go.jp/jp/seisaku/kokudo_kyoujinka/torikumi_minkan.html,民間の取組
https://www.cas.go.jp/jp/seisaku/kokudo_kyoujinka/yosan.html,国土強靱化関係予算
https://www.cas.go.jp/jp/seisaku/kokudo_kyoujinka/tiiki.html,地域強靱化計画
https://www.cas.go.jp/jp/seisaku/kokudo_kyoujinka/hyouka.html,脆弱性評価
https://www.cas.go.jp/jp/seisaku/kokudo_kyoujinka/kihon.html,国土強靱化基本計画
https://www.cas.go.jp/jp/seisaku/kokudo_kyoujinka/hourei.html,関係法令
https://www.cas.go.jp/jp/seisaku/kokudo_kyoujinka/about.html,国土強靱化とは？
https://www.cas.go.jp/jp/seisaku/kokudo_kyoujinka/index_en.html,BUILDING NATIONAL RESILIENCE
https://www.cas.go.jp/jp/seisaku/saisyu_syobun_kaigi/dai4/gijisidai.html,最終処分関係閣僚会議（第４回）議事次第
https://www.cas.go.jp/jp/seisaku/saisyu_syobun_kaigi/dai3/gijisidai.html,最終処分関係閣僚会議（第３回）議事次第
https://www.cas.go.jp/jp/seisaku/saisyu_syobun_kaigi/dai2/gijisidai.html,最終処分関係閣僚会議（第２回）議事次第
https://www.cas.go.jp/jp/seisaku/saisyu_syobun_kaigi/dai1/gijisidai.html,最終処分関係閣僚会議（第１回）議事次第
https://www.cas.go.jp/jp/seisaku/saisei_energy/dai1/gijisidai.html,再生可能エネルギー等関係閣僚会議（第１回）議事次第
https://www.cas.go.jp/jp/seisaku/saisei_energy2/dai2/gijisidai.html,再生可能エネルギー等関係府省庁連絡会議（第２回） 議事次第
https://www.cas.go.jp/jp/seisaku/saisei_energy2/dai1/gijisidai.html,"再生可能エネルギー等関係府省庁連絡会議（第１回） 議事次第
"
https://www.cas.go.jp/jp/sangyousekaiisan/140911.html,稼働資産を含む産業遺産に関する有識者会議
https://www.cas.go.jp/jp/sangyousekaiisan/151014.html,第39回ユネスコ世界遺産委員会にて世界遺産一覧表への記載決定について
https://www.cas.go.jp/jp/sangyousekaiisan/160205.html,ユネスコ世界遺産センターへの保全状況報告書の提出について
https://www.cas.go.jp/jp/sangyousekaiisan/171228.html,橋野鉄鉱山の台風による被災状況及び今後の対策について
https://www.cas.go.jp/jp/sangyousekaiisan/state_of_conservation_report.html,ユネスコ世界遺産センターへの保全状況報告書の提出について
https://www.cas.go.jp/jp/sangyousekaiisan/seikaiisan_houkoku/index.html,ユネスコ世界遺産センターへの保全状況報告書の提出について
https://www.cas.go.jp/jp/sangyousekaiisan/sangyouisan/kettei.html,関連閣議決定等
https://www.cas.go.jp/jp/sangyousekaiisan/johocenter/index.html,産業遺産情報センターに関する関係府省連絡会議
https://www.cas.go.jp/jp/seisaku/cltmadoguchi/kaigi/dai7/gijisidai.html,ＣＬＴ活用促進に関する関係省庁連絡会議 議事次第
https://www.cas.go.jp/jp/seisaku/cltmadoguchi/kaigi/dai6/gijisidai.html,ＣＬＴ活用促進に関する関係省庁連絡会議 議事次第
https://www.cas.go.jp/jp/seisaku/cltmadoguchi/kaigi/dai5/gijisidai.html,ＣＬＴ活用促進に関する関係省庁連絡会議 議事次第
https://www.cas.go.jp/jp/seisaku/cltmadoguchi/kaigi/dai4/gijisidai.html,ＣＬＴ活用促進に関する関係省庁連絡会議 議事次第
https://www.cas.go.jp/jp/seisaku/cltmadoguchi/kaigi/dai3/gijisidai.html,ＣＬＴ活用促進に関する関係省庁連絡会議 議事次第
https://www.cas.go.jp/jp/seisaku/cltmadoguchi/kaigi/dai2/gijisidai.html,ＣＬＴ活用促進に関する関係省庁連絡会議 議事次第
https://www.cas.go.jp/jp/seisaku/cltmadoguchi/kaigi/dai1/gijisidai.html,ＣＬＴ活用促進に関する関係省庁連絡会議 議事次第
https://www.cas.go.jp/jp/seisaku/cltmadoguchi/index.html,ＣＬＴ活用促進のための政府一元窓口
https://www.cas.go.jp/jp/seisaku/genshiryoku_kakuryo_kaigi/,原子力関係閣僚会議
https://www.cas.go.jp/jp/seisaku/kuni_soushou/index.html,国の利害に関係のある争訟等への対応に関する関係府省庁連絡会議
https://www.cas.go.jp/jp/seisaku/kyouginoba/,国と地方の協議の場
https://www.cas.go.jp/jp/seisaku/kunitotihou/,国と地方の協議
https://www.cas.go.jp/jp/seisaku/kyojo/index.html,共助社会づくり推進のための関係府省連絡会議
https://www.cas.go.jp/jp/seisaku/kyuyo/index.html,給与関係閣僚会議
https://www.cas.go.jp/jp/seisaku/koku_business/,基幹産業化に向けた航空ビジネス戦略に関する関係省庁会議
https://www.cas.go.jp/jp/seisaku/kanmin_fund/,官民ファンドの活用推進に関する関係閣僚会議幹事会
https://www.cas.go.jp/jp/seisaku/fund_kkk/index.html,官民ファンドの活用推進に関する関係閣僚会議
https://www.cas.go.jp/jp/seisaku/fund/index.html,官民ファンド総括アドバイザリー委員会
https://www.cas.go.jp/jp/seisaku/kassui/index.html,渇水対策関係省庁会議
https://www.cas.go.jp/jp/sangyousekaiisan/sangyouisan/kaigi.html,稼働資産を含む産業遺産に関する有識者会議
https://www.cas.go.jp/jp/seisaku/counterintelligence/index.html,カウンターインテリジェンス推進会議
https://www.cas.go.jp/jp/seisaku/gaikokujin/index.html,外国人労働者問題関係省庁連絡会議
https://www.cas.go.jp/jp/seisaku/energy_cost_renraku/index.html,エネルギーコスト上昇に関する関係府省庁連絡会議
https://www.cas.go.jp/jp/seisaku/infra_roukyuuka/index.html,インフラ老朽化対策の推進に関する関係省庁連絡会議
https://www.cas.go.jp/jp/seisaku/ebpm_kenkyukai/index.html,EBPMのニーズに対応する経済統計の諸課題に関する研究会
https://www.cas.go.jp/jp/seisaku/genshiryoku_kakuryo_kaigi/dai8/gijisidai.html,原子力関係閣僚会議（第８回） 議事次第
https://www.cas.go.jp/jp/seisaku/kuni_soushou/dai6/kanjikai_gijisidai.html,国の利害に関係のある争訟等への対応に関する関係府省庁連絡会議　幹事会（第６回） 議事次第
https://www.cas.go.jp/jp/seisaku/kyouginoba/bunka/dai1/gijisidai.html,国と地方の協議の場
https://www.cas.go.jp/jp/seisaku/kunitotihou/20101216/gijisidai.html,国と地方の協議
https://www.cas.go.jp/jp/seisaku/kyojo/dai1/gijisidai.html,"共助社会づくり推進のための関係府省連絡会議（第１回） 議事次第
"
https://www.cas.go.jp/jp/seisaku/kunitotihou/20101122/gijisidai.html,国と地方の協議
https://www.cas.go.jp/jp/seisaku/kunitotihou/20101007/gijisidai.html,国と地方の協議
https://www.cas.go.jp/jp/seisaku/kanmin_fund/dai7/gijisidai.html,官民ファンドの活用推進に関する関係閣僚会議幹事会（第７回）
https://www.cas.go.jp/jp/seisaku/fund_kkk/dai10/gijisidai.html,官民ファンドの活用推進に関する関係閣僚会議（第１０回）議事次第
https://www.cas.go.jp/jp/seisaku/fund/dai4/sidai.html,官民ファンド総括アドバイザリー委員会
https://www.cas.go.jp/jp/seisaku/kassui/kaisai.html,開催状況
https://www.cas.go.jp/jp/sangyousekaiisan/sangyouisan/yuushikisya/kadouisan09/kaigi.html,稼働資産を含む産業遺産に関する有識者会議
https://www.cas.go.jp/jp/sangyousekaiisan/sangyouisan/yuushikisya/kadouisan08/kaigi.html,稼働資産を含む産業遺産に関する有識者会議
https://www.cas.go.jp/jp/seisaku/gaikokujin/sisaku.html,外国人労働者問題関係省庁連絡会議の設置について
https://www.cas.go.jp/jp/sangyousekaiisan/sangyouisan/yuushikisya/kadouisan07/kaigi.html,稼働資産を含む産業遺産に関する有識者会議
https://www.cas.go.jp/jp/seisaku/infra_roukyuuka/k_dai7/index.html,インフラ老朽化対策の推進に関する関係省庁連絡会議幹事会（第７回）
https://www.cas.go.jp/jp/seisaku/ebpm_kenkyukai/dai9/gijisidai.html,EBPMのニーズに対応する経済統計の諸課題に関する研究会 議事次第
https://www.cas.go.jp/jp/seisaku/ebpm_kenkyukai/dai8/gijisidai.html,EBPMのニーズに対応する経済統計の諸課題に関する研究会 議事次第
https://www.cas.go.jp/jp/seisaku/ebpm_kenkyukai/dai7/gijisidai.html,EBPMのニーズに対応する経済統計の諸課題に関する研究会 議事次第
https://www.cas.go.jp/jp/seisaku/ebpm_kenkyukai/dai6/gijisidai.html,EBPMのニーズに対応する経済統計の諸課題に関する研究会 議事次第
https://www.cas.go.jp/jp/seisaku/ebpm_kenkyukai/dai5/gijisidai.html,EBPMのニーズに対応する経済統計の諸課題に関する研究会 議事次第
https://www.cas.go.jp/jp/seisaku/ebpm_kenkyukai/dai4/gijisidai.html,EBPMのニーズに対応する経済統計の諸課題に関する研究会 議事次第
https://www.cas.go.jp/jp/seisaku/ebpm_kenkyukai/dai3/gijisidai.html,EBPMのニーズに対応する経済統計の諸課題に関する研究会 議事次第
https://www.cas.go.jp/jp/seisaku/ebpm_kenkyukai/dai2/gijisidai.html,EBPMのニーズに対応する経済統計の諸課題に関する研究会 議事次第
https://www.cas.go.jp/jp/seisaku/ebpm_kenkyukai/dai1/gijisidai.html,EBPMのニーズに対応する経済統計の諸課題に関する研究会 議事次第
https://www.cas.go.jp/jp/seisaku/infra_roukyuuka/k_dai6/index.html,インフラ老朽化対策の推進に関する関係省庁連絡会議幹事会（第６回）
https://www.cas.go.jp/jp/seisaku/infra_roukyuuka/k_dai5/index.html,インフラ老朽化対策の推進に関する関係省庁連絡会議幹事会（第５回）
https://www.cas.go.jp/jp/seisaku/infra_roukyuuka/k_dai4/index.html,インフラ老朽化対策の推進に関する関係省庁連絡会議幹事会（第４回）
https://www.cas.go.jp/jp/seisaku/infra_roukyuuka/k_dai3/index.html,インフラ老朽化対策の推進に関する関係省庁連絡会議幹事会（第３回）
https://www.cas.go.jp/jp/seisaku/infra_roukyuuka/k_dai2/index.html,インフラ老朽化対策の推進に関する関係省庁連絡会議幹事会（第２回）
https://www.cas.go.jp/jp/seisaku/infra_roukyuuka/k_dai1/index.html,インフラ老朽化対策の推進に関する関係省庁連絡会議幹事会（第１回）
https://www.cas.go.jp/jp/seisaku/infra_roukyuuka/dai4/index.html,インフラ老朽化対策の推進に関する関係省庁連絡会議（第４回）
https://www.cas.go.jp/jp/seisaku/infra_roukyuuka/dai3/index.html,インフラ老朽化対策の推進に関する関係省庁連絡会議（第３回）
https://www.cas.go.jp/jp/seisaku/infra_roukyuuka/dai2/index.html,インフラ老朽化対策の推進に関する関係省庁連絡会議（第２回）
https://www.cas.go.jp/jp/seisaku/infra_roukyuuka/dai1/index.html,インフラ老朽化対策の推進に関する関係省庁連絡会議（第１回）
https://www.cas.go.jp/jp/sangyousekaiisan/sangyouisan/yuushikisya/kadouisan06/kaigi.html,稼働資産を含む産業遺産に関する有識者会議
https://www.cas.go.jp/jp/sangyousekaiisan/sangyouisan/yuushikisya/kadouisan05/kaigi.html,稼働資産を含む産業遺産に関する有識者会議
https://www.cas.go.jp/jp/sangyousekaiisan/sangyouisan/yuushikisya/kadouisan04/kaigi.html,稼働資産を含む産業遺産に関する有識者会議
https://www.cas.go.jp/jp/sangyousekaiisan/sangyouisan/yuushikisya/kadouisan03/kaigi.html,稼働資産を含む産業遺産に関する有識者会議
https://www.cas.go.jp/jp/sangyousekaiisan/sangyouisan/yuushikisya/kadouisan02/kaigi.html,稼働資産を含む産業遺産に関する有識者会議
https://www.cas.go.jp/jp/sangyousekaiisan/sangyouisan/yuushikisya/kadouisan01/index.html,稼働資産を含む産業遺産に関する有識者会議
https://www.cas.go.jp/jp/sangyousekaiisan/index.html,産業遺産の世界遺産登録推進 - 内閣官房　産業遺産の世界遺産登録推進室
https://www.cas.go.jp/jp/seisaku/fund/dai3/sidai.html,官民ファンド総括アドバイザリー委員会
https://www.cas.go.jp/jp/seisaku/fund/dai2/sidai.html,官民ファンド総括アドバイザリー委員会
https://www.cas.go.jp/jp/seisaku/fund/dai1/sidai.html,官民ファンド総括アドバイザリー委員会
https://www.cas.go.jp/jp/seisaku/fund_kkk/dai9/gijisidai.html,官民ファンドの活用推進に関する関係閣僚会議（第９回）議事次第
https://www.cas.go.jp/jp/seisaku/fund_kkk/dai8/gijisidai.html,官民ファンドの活用推進に関する関係閣僚会議（第８回）議事次第
https://www.cas.go.jp/jp/seisaku/fund_kkk/dai7/gijisidai.html,官民ファンドの活用推進に関する関係閣僚会議（第７回）議事次第
https://www.cas.go.jp/jp/seisaku/fund_kkk/dai6/gijisidai.html,官民ファンドの活用推進に関する関係閣僚会議（第６回）議事次第
https://www.cas.go.jp/jp/seisaku/fund_kkk/dai5/gijisidai.html,官民ファンドの活用推進に関する関係閣僚会議（第５回）議事次第
https://www.cas.go.jp/jp/seisaku/fund_kkk/dai4/gijisidai.html,官民ファンドの活用推進に関する関係閣僚会議（第４回）議事次第
https://www.cas.go.jp/jp/seisaku/fund_kkk/dai3/gijisidai.html,官民ファンドの活用推進に関する関係閣僚会議 議事次第 
https://www.cas.go.jp/jp/seisaku/fund_kkk/dai2/gijisidai.html,官民ファンドの活用推進に関する関係閣僚会議 議事次第 
https://www.cas.go.jp/jp/seisaku/fund_kkk/dai1/gijisidai.html,官民ファンドの活用推進に関する関係閣僚会議 議事次第 
https://www.cas.go.jp/jp/seisaku/kanmin_fund/dai6/gijisidai.html,官民ファンドの活用推進に関する関係閣僚会議幹事会（第６回）
https://www.cas.go.jp/jp/seisaku/kanmin_fund/dai3/gijisidai.html,官民ファンドの活用推進に関する関係閣僚会議幹事会（第３回）
https://www.cas.go.jp/jp/seisaku/kanmin_fund/dai2/gijisidai.html,官民ファンドの活用推進に関する関係閣僚会議幹事会（第２回）
https://www.cas.go.jp/jp/seisaku/kanmin_fund/dai1/gijisidai.html,官民ファンドの活用推進に関する関係閣僚会議幹事会（第１回）
https://www.cas.go.jp/jp/seisaku/kunitotihou/20100621/gijisidai.html,国と地方の協議
https://www.cas.go.jp/jp/seisaku/kunitotihou/20100422/gijisidai.html,国と地方の協議
https://www.cas.go.jp/jp/seisaku/kunitotihou/gijisidai.html,国と地方の協議
https://www.cas.go.jp/jp/seisaku/kyouginoba/bunka/dai2/gijisidai.html,国と地方の協議の場
https://www.cas.go.jp/jp/seisaku/kyouginoba/bunka/dai3/gijisidai.html,国と地方の協議の場 社会保障・税一体改革分科会
https://www.cas.go.jp/jp/seisaku/kyouginoba/bunka/dai4/gijisidai.html,国と地方の協議の場
https://www.cas.go.jp/jp/seisaku/kyouginoba/dai1/gijisidai.html,国と地方の協議の場
https://www.cas.go.jp/jp/seisaku/kyouginoba/rinji1/gijisidai.html,国と地方の協議の場
https://www.cas.go.jp/jp/seisaku/kyouginoba/dai2/gijisidai.html,国と地方の協議の場
https://www.cas.go.jp/jp/seisaku/kyouginoba/rinji2/gijisidai.html,国と地方の協議の場
https://www.cas.go.jp/jp/seisaku/kyouginoba/dai3/gijisidai.html,国と地方の協議の場
https://www.cas.go.jp/jp/seisaku/kyouginoba/rinji3/gijisidai.html,国と地方の協議の場
https://www.cas.go.jp/jp/seisaku/kyouginoba/rinji4/gijisidai.html,国と地方の協議の場
https://www.cas.go.jp/jp/seisaku/kyouginoba/rinji5/gijisidai.html,国と地方の協議の場
https://www.cas.go.jp/jp/seisaku/kyouginoba/2012/rinji1/gijisidai.html,国と地方の協議の場
https://www.cas.go.jp/jp/seisaku/kyouginoba/2012/dai1/gijisidai.html,国と地方の協議の場
https://www.cas.go.jp/jp/seisaku/kyouginoba/2012/dai2/gijisidai.html,国と地方の協議の場
https://www.cas.go.jp/jp/seisaku/kyouginoba/2013/dai1/gijisidai.html,国と地方の協議の場
https://www.cas.go.jp/jp/seisaku/kyouginoba/h25/dai1/gijisidai.html,国と地方の協議の場
https://www.cas.go.jp/jp/seisaku/kyouginoba/h25/dai2/gijisidai.html,国と地方の協議の場
https://www.cas.go.jp/jp/seisaku/kyouginoba/h25/dai3/gijisidai.html,国と地方の協議の場
https://www.cas.go.jp/jp/seisaku/kyouginoba/h26/dai1/gijisidai.html,国と地方の協議の場
https://www.cas.go.jp/jp/seisaku/kyouginoba/h26/dai2/gijisidai.html,国と地方の協議の場
https://www.cas.go.jp/jp/seisaku/kyouginoba/h27/dai1/gijisidai.html,国と地方の協議の場
https://www.cas.go.jp/jp/seisaku/kyouginoba/h27/dai3/gijisidai.html,国と地方の協議の場
https://www.cas.go.jp/jp/seisaku/kyouginoba/h28/dai1/gijisidai.html,国と地方の協議の場
https://www.cas.go.jp/jp/seisaku/kyouginoba/h28/dai2/gijisidai.html,国と地方の協議の場
https://www.cas.go.jp/jp/seisaku/kyouginoba/h28/dai3/gijisidai.html,国と地方の協議の場
https://www.cas.go.jp/jp/seisaku/kyouginoba/h29/dai1/gijisidai.html,国と地方の協議の場
https://www.cas.go.jp/jp/seisaku/kyouginoba/h29/dai2/gijisidai.html,国と地方の協議の場
https://www.cas.go.jp/jp/seisaku/kyouginoba/h29/dai3/gijisidai.html,国と地方の協議の場
https://www.cas.go.jp/jp/seisaku/kyouginoba/h30/dai1/gijisidai.html,国と地方の協議の場
https://www.cas.go.jp/jp/seisaku/kyouginoba/h30/dai2/gijisidai.html,国と地方の協議の場
https://www.cas.go.jp/jp/seisaku/kyouginoba/h30/dai3/gijisidai.html,国と地方の協議の場
https://www.cas.go.jp/jp/seisaku/kuni_soushou/dai5/kanjikai_gijisidai.html,国の利害に関係のある争訟等への対応に関する関係府省庁連絡会議　幹事会（第５回） 議事次第
https://www.cas.go.jp/jp/seisaku/kuni_soushou/dai4/kanjikai_gijisidai.html,国の利害に関係のある争訟等への対応に関する関係府省庁連絡会議　幹事会（第４回） 議事次第
https://www.cas.go.jp/jp/seisaku/kuni_soushou/dai3/kanjikai_gijisidai.html,国の利害に関係のある争訟等への対応に関する関係府省庁連絡会議（第３回） 議事次第
https://www.cas.go.jp/jp/seisaku/kuni_soushou/dai2/kanjikai_gijisidai.html,国の利害に関係のある争訟等への対応に関する関係府省庁連絡会議（第２回） 議事次第
https://www.cas.go.jp/jp/seisaku/kuni_soushou/dai1/kanjikai_gijisidai.html,国の利害に関係のある争訟等への対応に関する関係府省庁連絡会議（第１回） 議事次第
https://www.cas.go.jp/jp/seisaku/kuni_soushou/dai4/gijisidai.html,"国の利害に関係のある争訟等への対応に関する関係府省庁連絡会議（第４回） 議事次第
"
https://www.cas.go.jp/jp/seisaku/kuni_soushou/dai3/gijisidai.html,"国の利害に関係のある争訟等への対応に関する関係府省庁連絡会議（第３回） 議事次第
"
https://www.cas.go.jp/jp/seisaku/kuni_soushou/dai2/gijisidai.html,"国の利害に関係のある争訟等への対応に関する関係府省庁連絡会議（第２回） 議事次第
"
https://www.cas.go.jp/jp/seisaku/kuni_soushou/dai1/gijisidai.html,"国の利害に関係のある争訟等への対応に関する関係府省庁連絡会議（第１回） 議事次第
"
https://www.cas.go.jp/jp/seisaku/kuni_soushou/dai1/konkyo_kousei.html,国の利害に関係のある争訟等への対応に関する関係府省庁連絡会議の開催について
https://www.cas.go.jp/jp/seisaku/genshiryoku_kakuryo_kaigi/dai7/gijisidai.html,原子力関係閣僚会議（第７回） 議事次第
https://www.cas.go.jp/jp/seisaku/genshiryoku_kakuryo_kaigi/dai6/gijisidai.html,原子力関係閣僚会議（第６回） 議事次第
https://www.cas.go.jp/jp/seisaku/genshiryoku_kakuryo_kaigi/dai5/gijisidai.html,原子力関係閣僚会議（第５回）議事次第
https://www.cas.go.jp/jp/seisaku/genshiryoku_kakuryo_kaigi/dai4/gijisidai.html,原子力関係閣僚会議（第４回）議事次第
https://www.cas.go.jp/jp/seisaku/genshiryoku_kakuryo_kaigi/dai2/gijisidai.html,原子力関係閣僚会議（第２回）議事次第
https://www.cas.go.jp/jp/seisaku/genshiryoku_kakuryo_kaigi/dai1/gijisidai.html,原子力関係閣僚会議（第１回）議事次第
https://www.cas.go.jp/jp/seisaku/katudou_teisi.html,活動を停止・終了した会議｜内閣官房ホームページ
